1.32.128.0,1.32.255.255
1.36.0.0,1.36.255.255
1.64.0.0,1.65.255.255
5.132.101.0,5.132.101.255
5.153.43.208,5.153.43.215
5.225.101.0,5.225.101.255
14.0.128.0,14.0.255.255
14.1.20.0,14.1.23.255
14.102.240.0,14.102.255.255
14.136.0.0,14.136.255.255
14.198.0.0,14.199.255.255
23.19.35.192,23.19.35.207
23.19.84.128,23.19.84.255
23.19.133.128,23.19.133.255
23.19.198.128,23.19.198.255
23.105.130.64,23.105.130.87
23.227.92.128,23.227.92.135
27.50.32.0,27.50.39.255
27.98.192.0,27.98.207.255
27.100.16.0,27.100.23.255
27.110.64.0,27.110.79.255
27.111.160.128,27.111.161.127
27.111.162.0,27.111.166.127
27.111.167.0,27.111.207.255
27.122.12.0,27.122.15.255
27.123.32.0,27.123.35.255
27.123.40.0,27.123.47.255
27.123.192.0,27.123.193.255
27.123.208.0,27.123.211.255
27.126.176.0,27.126.203.255
27.126.220.0,27.126.231.255
27.126.235.0,27.126.235.255
27.126.237.0,27.126.255.255
36.37.32.0,36.37.35.255
37.58.64.144,37.58.64.151
37.58.66.248,37.58.66.255
37.58.67.8,37.58.67.15
37.58.67.144,37.58.67.151
37.58.70.56,37.58.70.63
37.223.101.0,37.223.101.255
37.252.212.0,37.252.212.255
38.88.164.104,38.88.164.111
38.107.170.0,38.107.170.255
38.108.126.0,38.108.126.127
38.122.70.36,38.122.70.39
39.96.0.0,39.111.255.255
42.2.0.0,42.3.255.255
42.98.0.0,42.98.255.255
42.99.128.0,42.99.128.71
42.99.128.80,42.99.130.31
42.99.130.48,42.99.131.255
42.99.138.0,42.99.138.255
42.99.139.160,42.99.139.175
42.200.0.0,42.200.255.255
46.17.103.64,46.17.103.70
46.29.111.0,46.29.111.255
46.136.0.0,46.136.0.255
46.136.236.0,46.136.237.255
46.248.20.0,46.248.21.255
49.130.0.0,49.131.255.255
49.143.232.0,49.143.234.255
49.213.0.0,49.213.15.255
50.2.9.0,50.2.9.95
50.7.10.232,50.7.10.239
50.7.15.120,50.7.15.127
50.7.20.64,50.7.20.71
50.7.52.24,50.7.52.31
50.7.52.96,50.7.52.103
50.7.69.152,50.7.69.159
50.7.75.112,50.7.75.119
50.7.78.80,50.7.78.87
50.7.95.96,50.7.95.103
50.7.106.248,50.7.106.255
50.7.115.72,50.7.115.79
50.7.118.8,50.7.118.15
50.7.118.88,50.7.118.95
50.7.118.248,50.7.118.255
50.7.137.72,50.7.137.79
50.7.140.8,50.7.140.15
50.7.150.8,50.7.150.15
50.7.150.56,50.7.150.63
50.7.184.216,50.7.184.223
50.7.198.8,50.7.198.15
50.7.198.168,50.7.198.175
50.7.202.208,50.7.202.215
50.7.204.208,50.7.204.215
50.7.212.232,50.7.212.239
50.7.217.176,50.7.217.183
50.7.218.168,50.7.218.175
50.7.235.160,50.7.235.167
50.7.244.216,50.7.244.223
50.22.9.212,50.22.9.215
50.22.26.40,50.22.26.43
50.22.133.16,50.22.133.31
50.22.165.0,50.22.165.7
50.22.190.0,50.22.190.15
50.23.54.0,50.23.54.31
50.23.111.144,50.23.111.159
50.23.126.112,50.23.126.119
50.23.223.88,50.23.223.95
50.97.89.32,50.97.89.33
50.97.206.152,50.97.206.159
50.115.141.160,50.115.141.175
58.64.128.0,58.64.255.255
58.96.160.0,58.96.191.255
58.145.192.0,58.145.255.255
58.152.0.0,58.153.255.255
58.176.0.0,58.177.255.255
59.148.0.0,59.149.255.255
59.152.192.0,59.152.255.255
59.188.0.0,59.188.255.255
60.214.112.60,60.214.112.63
60.214.112.68,60.214.112.71
60.214.112.100,60.214.112.103
60.214.112.168,60.214.112.171
60.214.112.232,60.214.112.235
61.4.0.0,61.4.63.255
61.8.35.0,61.8.35.255
61.8.37.64,61.8.37.127
61.8.44.0,61.8.44.255
61.10.0.0,61.10.255.255
61.14.46.128,61.14.46.255
61.14.128.0,61.14.128.7
61.14.128.32,61.14.128.79
61.14.128.96,61.14.128.143
61.14.128.160,61.14.128.223
61.14.129.0,61.14.129.15
61.14.129.32,61.14.129.47
61.14.129.96,61.14.129.127
61.14.129.192,61.14.130.47
61.14.130.64,61.14.130.135
61.14.130.144,61.14.130.159
61.14.130.176,61.14.130.191
61.14.130.240,61.14.131.31
61.14.131.64,61.14.131.95
61.14.131.128,61.14.131.159
61.14.131.192,61.14.131.207
61.14.131.216,61.14.131.239
61.14.131.248,61.14.131.255
61.14.134.0,61.14.134.255
61.14.174.0,61.14.174.95
61.14.174.128,61.14.174.175
61.14.174.224,61.14.175.15
61.14.175.32,61.14.175.191
61.15.0.0,61.15.255.255
61.18.0.0,61.18.255.255
61.87.128.0,61.87.191.255
61.92.0.0,61.93.255.255
61.238.0.0,61.239.255.255
61.244.0.0,61.244.255.255
63.217.82.0,63.217.82.255
63.218.226.160,63.218.226.191
63.234.237.0,63.234.237.255
64.49.210.152,64.49.210.159
64.49.224.0,64.49.224.7
64.49.235.0,64.49.235.7
64.49.235.144,64.49.235.151
64.70.27.192,64.70.27.199
64.70.27.208,64.70.27.223
64.77.101.184,64.77.101.191
64.86.129.0,64.86.129.255
64.120.32.0,64.120.32.127
64.120.47.20,64.120.47.23
64.241.246.0,64.241.246.255
65.39.164.0,65.39.164.255
65.60.18.128,65.60.18.255
65.61.128.222,65.61.128.223
65.61.175.0,65.61.175.103
65.175.98.176,65.175.98.191
66.54.139.32,66.54.139.63
66.85.164.192,66.85.164.199
66.85.164.208,66.85.164.215
66.85.164.240,66.85.164.255
66.90.101.139,66.90.101.139
66.90.101.147,66.90.101.147
66.90.101.169,66.90.101.169
66.90.101.189,66.90.101.189
66.90.103.29,66.90.103.29
66.90.120.136,66.90.120.143
66.90.122.16,66.90.122.23
66.90.122.32,66.90.122.55
66.118.142.10,66.118.142.11
66.216.106.128,66.216.106.135
66.216.112.200,66.216.112.207
66.225.202.240,66.225.202.247
67.18.177.0,67.18.177.255
67.18.247.176,67.18.247.191
67.131.91.0,67.131.91.255
67.159.2.248,67.159.2.255
67.159.4.176,67.159.4.183
67.159.4.216,67.159.4.223
67.159.5.25,67.159.5.25
67.159.5.59,67.159.5.59
67.159.5.89,67.159.5.89
67.159.5.187,67.159.5.187
67.159.5.190,67.159.5.190
67.159.5.193,67.159.5.194
67.159.5.197,67.159.5.197
67.159.5.216,67.159.5.216
67.159.8.216,67.159.8.223
67.159.32.80,67.159.32.87
67.159.35.64,67.159.35.71
67.159.44.36,67.159.44.36
67.203.20.32,67.203.20.47
67.228.1.248,67.228.1.251
67.228.8.152,67.228.8.155
67.228.8.236,67.228.8.239
67.228.12.208,67.228.12.211
67.228.12.216,67.228.12.219
67.228.12.252,67.228.12.255
67.228.13.56,67.228.13.59
67.228.13.228,67.228.13.231
67.228.15.176,67.228.15.179
67.228.29.248,67.228.29.251
67.228.83.128,67.228.83.159
67.228.151.192,67.228.151.223
67.228.153.192,67.228.153.223
67.228.194.128,67.228.194.159
67.228.249.192,67.228.249.199
69.13.70.241,69.13.70.249
69.20.31.152,69.20.31.159
69.147.239.216,69.147.239.223
69.147.243.176,69.147.243.183
69.175.13.184,69.175.13.191
70.34.199.224,70.34.199.231
70.38.3.16,70.38.3.23
70.38.18.168,70.38.18.175
70.38.27.32,70.38.27.63
70.38.40.128,70.38.40.135
70.38.56.136,70.38.56.143
70.38.61.32,70.38.61.39
70.38.68.240,70.38.68.247
70.38.81.24,70.38.81.31
70.38.81.176,70.38.81.183
70.38.84.40,70.38.84.47
70.38.88.96,70.38.88.103
70.38.106.192,70.38.106.199
70.39.80.112,70.39.80.127
70.39.122.64,70.39.122.79
72.3.241.176,72.3.241.183
72.20.22.160,72.20.22.191
72.36.200.9,72.36.200.15
72.36.241.104,72.36.241.111
72.55.144.200,72.55.144.207
72.55.150.168,72.55.150.171
72.55.163.104,72.55.163.111
72.55.173.24,72.55.173.27
72.232.23.240,72.232.23.247
72.232.124.73,72.232.124.79
72.232.209.209,72.232.209.215
72.251.192.56,72.251.192.63
72.251.241.216,72.251.241.217
72.251.241.219,72.251.241.219
72.251.243.24,72.251.243.31
72.251.243.56,72.251.243.63
74.63.68.200,74.63.68.207
74.63.76.64,74.63.76.71
74.63.78.64,74.63.78.71
74.63.81.160,74.63.81.167
74.63.81.176,74.63.81.191
74.63.85.56,74.63.85.63
74.63.88.136,74.63.88.143
74.63.114.232,74.63.114.239
74.63.117.192,74.63.117.199
74.63.122.136,74.63.122.143
74.86.122.244,74.86.122.247
74.86.123.128,74.86.123.135
74.86.182.0,74.86.182.31
74.86.252.192,74.86.252.195
75.125.104.100,75.125.104.103
75.126.213.20,75.126.213.23
75.126.242.248,75.126.242.251
76.73.11.40,76.73.11.47
76.73.22.168,76.73.22.175
76.73.39.200,76.73.39.207
76.73.40.40,76.73.40.47
76.73.89.24,76.73.89.31
76.73.110.56,76.73.110.63
76.73.117.56,76.73.117.63
76.73.124.72,76.73.124.79
76.164.205.224,76.164.205.239
78.24.201.48,78.24.201.63
78.24.202.24,78.24.202.31
78.24.203.24,78.24.203.31
78.140.163.0,78.140.163.63
78.140.170.128,78.140.170.159
78.140.171.0,78.140.171.63
78.140.176.128,78.140.176.191
78.159.122.0,78.159.122.255
80.77.1.0,80.77.1.255
80.77.14.0,80.77.14.255
80.231.19.128,80.231.19.255
81.3.58.224,81.3.58.239
81.52.177.224,81.52.177.239
81.52.185.0,81.52.185.255
81.201.86.0,81.201.86.127
82.145.37.192,82.145.37.207
82.150.104.0,82.150.105.255
82.150.114.0,82.150.115.255
82.199.153.0,82.199.153.255
85.236.136.0,85.236.143.255
87.237.221.0,87.237.221.255
88.202.33.0,88.202.33.255
89.149.236.0,89.149.236.255
89.202.119.64,89.202.119.127
89.202.120.128,89.202.120.191
89.202.124.192,89.202.124.223
90.84.128.0,90.84.128.255
90.84.130.0,90.84.130.31
90.84.131.0,90.84.131.255
91.135.76.0,91.135.76.255
91.190.172.0,91.190.172.255
93.93.48.0,93.93.48.255
93.93.100.64,93.93.100.127
101.0.8.0,101.0.11.255
101.0.24.0,101.0.25.255
101.1.4.0,101.1.7.255
101.1.16.0,101.1.31.255
101.78.128.0,101.78.255.255
101.101.96.0,101.101.99.255
103.1.12.0,103.1.19.255
103.1.32.0,103.1.51.255
103.1.64.0,103.1.67.255
103.1.156.0,103.1.159.255
103.1.224.0,103.1.227.255
103.3.16.0,103.3.16.63
103.3.17.0,103.3.18.255
103.3.24.0,103.3.25.255
103.3.27.0,103.3.27.255
103.4.224.0,103.4.227.255
103.4.244.0,103.4.244.255
103.4.246.0,103.4.247.255
103.5.44.0,103.5.44.8
103.5.149.0,103.5.149.255
103.5.198.0,103.5.198.255
103.5.220.0,103.5.223.255
103.5.249.0,103.5.249.63
103.6.4.0,103.6.7.255
103.6.48.0,103.6.51.255
103.6.90.0,103.6.91.255
103.6.120.0,103.6.123.255
103.6.128.0,103.6.131.255
103.6.136.0,103.6.139.255
103.6.152.0,103.6.155.255
103.6.160.0,103.6.161.255
103.6.176.0,103.6.179.255
103.6.192.0,103.6.195.255
103.7.54.0,103.7.55.255
103.7.160.0,103.7.160.255
103.7.162.0,103.7.163.255
103.7.240.0,103.7.243.255
103.8.191.0,103.8.191.255
103.9.51.0,103.9.51.255
103.10.12.0,103.10.15.255
103.10.37.0,103.10.37.255
103.10.108.0,103.10.108.255
103.10.197.0,103.10.197.255
103.10.199.0,103.10.199.255
103.10.236.0,103.10.239.255
103.11.38.0,103.11.39.255
103.11.88.0,103.11.95.255
103.11.100.0,103.11.105.255
103.11.228.0,103.11.229.255
103.11.236.0,103.11.236.31
103.11.244.0,103.11.247.255
103.12.92.0,103.12.95.255
103.12.140.0,103.12.143.255
103.12.148.0,103.12.151.255
103.12.216.0,103.12.218.255
103.13.176.0,103.13.177.255
103.13.188.0,103.13.191.0
103.13.232.0,103.13.235.255
103.14.26.0,103.14.26.255
103.14.100.0,103.14.103.255
103.14.112.0,103.14.119.255
103.14.144.0,103.14.147.255
103.14.220.0,103.14.223.255
103.15.24.0,103.15.28.255
103.15.84.0,103.15.87.255
103.15.120.0,103.15.120.255
103.15.123.0,103.15.123.255
103.15.132.0,103.15.132.255
103.15.180.0,103.15.183.255
103.15.192.0,103.15.195.255
103.15.216.0,103.15.216.255
103.16.26.0,103.16.27.255
103.16.184.0,103.16.187.255
103.16.216.0,103.16.219.255
103.16.228.0,103.16.231.255
103.16.254.0,103.16.254.3
103.17.32.0,103.17.35.255
103.17.92.0,103.17.95.255
103.17.116.0,103.17.119.255
103.17.198.0,103.17.198.127
103.19.24.0,103.19.27.255
103.19.38.0,103.19.38.255
103.19.84.0,103.19.87.255
103.19.188.0,103.19.191.255
103.20.60.0,103.20.63.255
103.20.165.0,103.20.165.255
103.20.192.0,103.20.195.255
103.20.220.0,103.20.223.255
103.20.236.0,103.20.239.255
103.21.244.0,103.21.247.255
103.22.96.0,103.22.99.255
103.22.160.0,103.22.163.255
103.22.200.0,103.22.203.255
103.22.244.0,103.22.247.255
103.23.68.0,103.23.69.255
103.24.0.0,103.24.0.255
103.24.15.0,103.24.15.255
103.24.92.0,103.24.95.255
103.24.152.0,103.24.155.255
103.24.204.0,103.24.207.255
103.24.216.0,103.24.219.255
103.24.224.0,103.24.227.255
103.25.60.0,103.25.63.255
103.25.72.0,103.25.75.255
103.25.104.0,103.25.107.255
103.26.92.0,103.26.95.255
103.26.120.0,103.26.127.255
103.26.132.0,103.26.132.255
103.26.144.0,103.26.144.15
103.26.220.0,103.26.223.255
103.27.0.0,103.27.0.255
103.27.76.0,103.27.79.255
103.27.108.0,103.27.111.255
103.27.124.0,103.27.127.255
103.27.144.0,103.27.147.255
103.27.180.0,103.27.183.255
103.28.44.0,103.28.47.255
103.28.76.0,103.28.79.255
103.28.144.0,103.28.147.255
103.29.72.0,103.29.75.255
103.29.92.0,103.29.95.255
103.29.140.0,103.29.143.255
103.30.4.0,103.30.7.255
103.30.24.0,103.30.27.255
103.30.76.0,103.30.79.255
103.30.104.0,103.30.107.255
103.31.8.0,103.31.11.255
103.31.20.0,103.31.23.255
103.31.96.0,103.31.97.255
103.31.136.0,103.31.139.255
103.31.220.0,103.31.223.255
103.31.240.0,103.31.243.255
103.224.0.0,103.224.3.255
103.224.22.0,103.224.23.255
103.224.56.0,103.224.56.255
103.224.58.0,103.224.58.255
103.224.72.0,103.224.75.255
103.224.248.0,103.224.251.0
103.225.16.0,103.225.23.255
103.225.196.0,103.225.203.255
103.225.212.0,103.225.214.255
103.225.248.0,103.225.251.255
103.226.92.0,103.226.95.255
103.226.124.0,103.226.127.255
103.226.152.0,103.226.155.255
103.227.192.0,103.227.195.255
103.228.28.0,103.228.28.255
103.228.64.0,103.228.67.255
103.228.92.0,103.228.99.255
103.228.180.0,103.228.183.255
103.229.28.0,103.229.31.255
103.229.140.0,103.229.140.255
103.229.144.0,103.229.147.255
103.229.188.0,103.229.191.255
103.229.199.0,103.229.199.255
103.240.64.0,103.240.71.255
103.240.80.0,103.240.83.255
103.240.140.0,103.240.143.255
103.240.148.0,103.240.151.255
103.240.180.0,103.240.183.255
103.240.199.0,103.240.199.255
103.240.221.0,103.240.221.255
103.241.16.0,103.241.19.255
103.241.48.0,103.241.51.255
103.241.72.0,103.241.75.255
103.241.164.0,103.241.167.255
103.242.0.0,103.242.3.255
103.242.72.0,103.242.75.255
103.242.100.0,103.242.103.255
103.242.108.0,103.242.111.255
103.242.140.0,103.242.143.255
103.242.148.0,103.242.149.255
103.243.0.0,103.243.3.255
103.243.92.0,103.243.95.255
103.243.100.0,103.243.103.255
103.243.128.0,103.243.131.255
103.243.164.0,103.243.167.255
103.243.180.0,103.243.183.255
103.244.0.0,103.244.3.255
103.244.52.0,103.244.55.255
103.244.88.0,103.244.91.255
103.244.148.0,103.244.151.255
103.244.156.0,103.244.159.255
103.244.224.0,103.244.227.255
103.245.6.0,103.245.6.255
103.245.190.0,103.245.191.255
103.245.208.0,103.245.211.255
103.246.40.0,103.246.40.63
103.246.77.0,103.246.77.255
103.246.113.0,103.246.115.255
103.246.141.0,103.246.141.255
103.246.160.0,103.246.163.255
103.246.176.0,103.246.179.255
103.246.244.0,103.246.247.255
103.247.108.0,103.247.111.255
103.247.140.0,103.247.147.255
103.247.156.0,103.247.167.255
103.247.228.0,103.247.231.255
103.248.36.0,103.248.39.255
103.248.76.0,103.248.76.31
103.248.77.0,103.248.77.31
103.248.78.0,103.248.78.31
103.248.108.0,103.248.111.255
103.248.136.0,103.248.143.255
103.248.184.0,103.248.187.255
103.248.240.0,103.248.243.255
103.248.252.0,103.248.255.255
103.249.32.0,103.249.35.255
103.249.72.0,103.249.75.255
103.249.104.0,103.249.111.255
103.249.132.0,103.249.135.255
103.249.196.0,103.249.199.255
103.250.12.0,103.250.15.255
103.250.41.0,103.250.41.255
103.250.52.0,103.250.55.255
103.251.36.0,103.251.39.255
103.251.52.0,103.251.52.255
103.251.88.0,103.251.91.255
103.251.140.0,103.251.140.255
103.251.164.0,103.251.164.64
103.251.198.0,103.251.199.255
103.251.244.0,103.251.244.255
103.252.16.0,103.252.19.255
103.252.72.0,103.252.72.255
103.252.76.0,103.252.79.255
103.252.88.0,103.252.91.255
103.252.132.0,103.252.135.255
103.252.162.0,103.252.162.255
103.252.176.0,103.252.179.255
103.252.240.0,103.252.243.255
103.253.8.0,103.253.11.255
103.253.40.0,103.253.43.255
103.253.96.0,103.253.99.255
103.253.120.0,103.253.123.255
103.253.140.0,103.253.143.255
103.253.236.0,103.253.240.255
103.253.248.0,103.253.251.255
103.254.108.0,103.254.111.255
103.255.44.0,103.255.47.255
103.255.56.0,103.255.63.255
103.255.127.0,103.255.127.255
103.255.132.0,103.255.135.255
103.255.176.0,103.255.179.255
108.62.220.0,108.62.220.127
110.4.0.0,110.4.31.255
110.76.188.0,110.76.191.255
110.79.0.0,110.79.255.255
110.92.76.0,110.92.79.255
110.173.48.0,110.173.63.255
111.68.0.0,111.68.15.255
111.91.238.0,111.91.239.255
111.92.224.0,111.92.239.255
112.118.0.0,112.120.255.255
112.121.108.0,112.121.111.255
112.121.116.0,112.121.127.255
112.121.160.0,112.121.191.255
112.137.16.0,112.137.31.255
112.213.64.0,112.213.79.255
112.213.96.0,112.213.127.255
113.10.128.0,113.10.255.255
113.20.20.0,113.20.23.255
113.20.132.0,113.20.135.255
113.21.192.0,113.21.223.255
113.28.0.0,113.28.255.255
113.29.228.0,113.29.228.255
113.29.252.0,113.29.255.255
113.52.132.0,113.52.135.255
113.59.240.0,113.59.255.255
113.197.105.0,113.197.105.255
113.208.65.0,113.208.95.255
113.212.192.0,113.212.255.255
113.252.0.0,113.255.255.255
114.112.18.0,114.112.21.255
114.112.130.0,114.112.130.255
114.112.224.0,114.112.225.255
114.112.227.0,114.112.255.255
114.113.192.0,114.113.195.255
114.113.242.0,114.113.242.255
114.113.246.0,114.113.246.255
114.113.250.0,114.113.255.255
114.134.80.0,114.134.87.255
114.142.144.0,114.142.159.255
115.126.0.0,115.126.5.255
115.126.7.0,115.126.127.255
115.160.128.0,115.160.191.255
115.166.128.0,115.166.143.255
115.178.0.0,115.178.1.255
115.178.6.0,115.178.15.255
116.48.0.0,116.49.255.255
116.66.208.0,116.66.208.255
116.66.220.0,116.66.220.255
116.66.232.0,116.66.239.255
116.90.64.0,116.90.71.255
116.92.0.0,116.92.255.255
116.193.152.0,116.193.155.255
116.193.157.0,116.193.159.255
116.197.176.0,116.197.179.255
116.197.181.0,116.197.191.255
116.212.112.0,116.212.118.255
116.212.120.0,116.212.127.255
116.251.204.0,116.251.207.255
116.251.224.0,116.251.255.255
117.18.0.0,117.18.15.255
117.18.64.0,117.18.79.255
117.18.96.0,117.18.127.255
117.103.144.0,117.103.159.255
117.104.188.0,117.104.191.255
118.99.0.0,118.99.11.255
118.99.14.0,118.99.63.255
118.102.8.0,118.102.9.255
118.102.11.0,118.102.15.255
118.103.144.0,118.103.159.255
118.103.240.0,118.103.243.255
118.103.245.0,118.103.247.255
118.140.0.0,118.143.255.255
118.193.68.0,118.193.79.255
118.194.228.0,118.194.231.255
119.10.144.0,119.10.144.255
119.10.149.0,119.10.150.255
119.10.156.0,119.10.156.255
119.10.168.0,119.10.175.255
119.42.144.0,119.42.151.255
119.47.80.0,119.47.87.255
119.63.96.0,119.63.111.255
119.235.40.0,119.235.47.255
119.236.0.0,119.237.255.255
119.246.0.0,119.247.255.255
119.252.136.0,119.252.137.255
119.252.139.0,119.252.143.255
120.29.210.0,120.29.210.127
120.29.216.0,120.29.216.255
120.88.192.0,120.88.255.255
121.54.168.0,121.54.169.255
121.54.171.0,121.54.175.255
121.101.168.0,121.101.175.255
121.127.224.0,121.127.255.255
121.202.0.0,121.203.255.255
122.9.0.0,122.9.127.255
122.10.0.0,122.10.63.255
122.10.68.0,122.10.95.255
122.10.112.0,122.10.119.255
122.10.198.0,122.10.199.255
122.10.220.0,122.10.227.255
122.10.252.0,122.10.255.255
122.112.114.0,122.112.117.255
122.115.76.0,122.115.77.255
122.115.79.0,122.115.79.255
122.128.104.0,122.128.111.255
122.152.130.224,122.152.130.255
122.152.131.64,122.152.131.95
122.152.131.128,122.152.131.143
122.152.131.208,122.152.131.223
122.152.150.192,122.152.150.224
122.152.151.0,122.152.151.31
122.152.160.0,122.152.160.15
122.152.175.64,122.152.175.143
122.152.175.160,122.152.175.255
122.248.16.0,122.248.31.255
122.248.180.128,122.248.180.255
123.1.128.0,123.1.255.255
123.103.240.0,123.103.255.255
123.108.108.0,123.108.111.255
123.136.0.0,123.136.15.255
123.176.96.0,123.176.103.255
123.202.0.0,123.203.255.255
123.242.224.0,123.242.231.255
123.254.104.0,123.254.111.255
123.255.64.0,123.255.127.255
124.108.72.0,124.108.85.255
124.108.88.0,124.108.111.255
124.158.192.0,124.158.223.255
124.217.128.0,124.217.191.255
124.244.0.0,124.244.255.255
124.248.192.0,124.248.255.255
125.59.0.0,125.59.255.255
125.214.192.0,125.214.255.255
125.215.128.0,125.215.255.255
125.253.128.0,125.253.255.255
125.254.52.0,125.254.55.255
134.42.224.0,134.42.224.255
134.159.106.0,134.159.106.15
134.159.137.0,134.159.137.7
134.159.209.0,134.159.209.63
134.159.210.0,134.159.213.255
137.189.0.0,137.189.255.255
140.242.7.0,140.242.7.255
143.89.0.0,143.89.255.255
144.95.80.0,144.95.87.255
144.214.0.0,144.214.255.255
147.8.0.0,147.8.255.255
151.236.20.0,151.236.20.255
152.101.0.0,152.101.255.255
152.104.0.0,152.104.255.255
158.132.0.0,158.132.255.255
158.182.0.0,158.182.255.255
158.255.208.0,158.255.208.255
165.202.0.0,165.202.255.255
168.70.148.0,168.70.191.255
168.106.0.0,168.106.255.255
170.130.93.0,170.130.93.255
170.130.102.0,170.130.102.255
173.44.171.200,173.44.171.207
173.231.243.128,173.231.243.255
174.142.9.72,174.142.9.79
174.142.79.40,174.142.79.47
174.142.84.216,174.142.84.223
174.142.135.24,174.142.135.31
174.142.144.240,174.142.144.247
174.142.186.192,174.142.186.207
174.142.210.40,174.142.210.47
174.142.216.160,174.142.216.167
174.142.234.240,174.142.234.247
174.142.236.208,174.142.236.215
174.143.85.40,174.143.85.47
175.41.16.0,175.41.31.255
175.45.0.0,175.45.63.255
175.100.164.0,175.100.167.255
175.100.192.0,175.100.207.255
175.111.96.0,175.111.99.255
175.159.0.0,175.159.255.255
175.176.176.0,175.176.191.255
175.176.224.0,175.176.255.255
180.87.1.80,180.87.1.95
180.87.2.96,180.87.2.127
180.87.13.0,180.87.13.255
180.87.27.0,180.87.27.255
180.87.129.0,180.87.129.255
180.87.153.0,180.87.153.127
180.87.190.0,180.87.190.31
180.92.180.0,180.92.183.255
180.94.224.0,180.94.231.255
180.131.160.0,180.131.191.255
180.149.252.0,180.149.255.255
180.150.128.0,180.150.128.7
180.178.32.0,180.178.63.255
180.178.112.0,180.178.119.255
180.188.128.0,180.188.203.255
180.214.160.0,180.214.167.255
180.219.0.0,180.219.255.255
180.222.200.0,180.222.203.255
180.233.112.0,180.233.119.255
180.233.160.0,180.233.191.255
180.235.132.0,180.235.135.255
180.235.154.0,180.235.155.255
182.16.0.0,182.16.127.255
182.54.244.0,182.54.247.255
182.152.0.0,182.153.255.255
182.161.72.0,182.161.72.255
182.173.76.0,182.173.77.255
182.237.0.0,182.237.3.255
182.239.48.0,182.239.127.255
182.255.24.0,182.255.24.255
182.255.26.0,182.255.26.255
183.90.184.0,183.90.191.255
183.91.32.0,183.91.63.255
183.177.64.0,183.177.83.255
183.177.88.0,183.177.95.255
183.178.0.0,183.179.255.255
183.182.80.0,183.182.80.255
183.182.81.8,183.182.83.255
184.107.130.144,184.107.130.151
184.107.138.192,184.107.138.199
184.107.177.80,184.107.177.87
184.107.178.120,184.107.178.127
184.107.189.104,184.107.189.111
185.10.104.0,185.10.107.255
188.72.198.0,188.72.198.255
188.72.214.0,188.72.214.255
192.137.156.0,192.137.156.255
192.151.224.0,192.151.225.255
192.151.240.0,192.151.243.255
192.154.16.0,192.154.25.255
192.161.90.0,192.161.91.255
192.237.68.0,192.237.69.255
193.37.134.0,193.37.134.255
193.251.134.240,193.251.134.255
193.252.137.0,193.252.137.255
193.252.139.0,193.252.139.255
193.252.145.0,193.252.145.255
193.252.147.0,193.252.147.255
195.59.144.0,195.59.144.255
195.230.200.128,195.230.200.143
199.6.85.0,199.6.87.255
202.0.77.0,202.0.78.255
202.0.100.0,202.0.100.255
202.0.104.0,202.0.104.255
202.0.112.0,202.0.112.255
202.0.122.0,202.0.123.255
202.0.128.0,202.0.143.255
202.0.160.0,202.0.183.255
202.1.6.0,202.1.7.255
202.1.232.0,202.1.232.255
202.2.32.0,202.2.51.255
202.2.64.0,202.2.87.255
202.3.6.0,202.3.7.255
202.4.26.0,202.4.27.255
202.4.187.0,202.4.187.255
202.4.192.0,202.4.223.255
202.6.0.0,202.6.1.255
202.6.94.0,202.6.94.255
202.6.192.0,202.6.207.255
202.7.128.0,202.7.143.255
202.8.88.0,202.8.91.255
202.8.93.0,202.8.93.255
202.9.68.0,202.9.68.255
202.9.82.0,202.9.82.255
202.9.90.0,202.9.90.255
202.12.4.0,202.12.7.255
202.14.67.0,202.14.68.255
202.14.80.0,202.14.80.255
202.14.116.0,202.14.116.255
202.14.222.0,202.14.222.255
202.20.66.0,202.20.66.255
202.20.88.0,202.20.89.255
202.20.94.0,202.20.95.255
202.20.100.0,202.20.101.255
202.20.115.0,202.20.118.255
202.20.125.0,202.20.127.255
202.21.145.0,202.21.146.255
202.22.240.0,202.22.247.255
202.38.16.0,202.38.31.255
202.38.178.0,202.38.179.255
202.40.8.0,202.40.14.255
202.40.16.0,202.40.154.255
202.40.156.0,202.40.162.255
202.40.168.0,202.40.171.255
202.40.192.0,202.40.223.255
202.41.224.0,202.41.239.255
202.42.0.0,202.42.65.127
202.42.66.0,202.42.131.255
202.42.132.8,202.42.132.15
202.42.132.32,202.42.132.71
202.42.132.88,202.42.132.95
202.42.132.112,202.42.132.127
202.42.132.144,202.42.132.151
202.42.132.160,202.42.132.175
202.42.132.184,202.42.136.255
202.42.138.0,202.42.140.31
202.42.140.64,202.42.141.31
202.42.141.64,202.42.141.95
202.42.141.112,202.42.141.239
202.42.142.0,202.42.144.255
202.42.145.32,202.42.145.63
202.42.145.80,202.42.145.111
202.42.145.160,202.42.145.191
202.42.145.208,202.42.145.239
202.42.146.0,202.42.146.143
202.42.146.160,202.42.147.47
202.42.147.80,202.42.147.95
202.42.147.240,202.42.148.223
202.42.148.240,202.42.149.63
202.42.149.80,202.42.149.95
202.42.149.112,202.42.153.255
202.42.155.0,202.42.155.255
202.42.158.0,202.42.165.207
202.42.165.224,202.42.166.255
202.42.167.64,202.42.169.255
202.42.172.0,202.42.172.255
202.42.174.0,202.42.180.87
202.42.180.96,202.42.181.127
202.42.181.160,202.42.183.71
202.42.183.88,202.42.183.95
202.42.183.104,202.42.185.223
202.42.186.0,202.42.187.231
202.42.187.240,202.42.188.63
202.42.188.80,202.42.188.95
202.42.188.104,202.42.191.191
202.42.191.200,202.42.191.207
202.42.191.224,202.42.192.143
202.42.192.176,202.42.193.255
202.42.196.0,202.42.198.63
202.42.198.192,202.42.204.63
202.42.204.96,202.42.207.255
202.42.210.0,202.42.214.255
202.42.216.0,202.42.220.127
202.42.220.160,202.42.220.255
202.42.221.32,202.42.221.63
202.42.221.128,202.42.222.191
202.42.222.224,202.42.223.143
202.42.223.160,202.42.223.223
202.42.223.240,202.42.223.247
202.42.224.0,202.42.226.255
202.42.228.0,202.42.228.223
202.42.228.240,202.42.234.31
202.42.234.64,202.42.234.127
202.42.235.0,202.42.235.255
202.42.236.128,202.42.238.63
202.42.238.128,202.42.238.191
202.42.239.0,202.42.241.95
202.42.241.128,202.42.241.191
202.42.242.0,202.42.243.191
202.42.244.0,202.42.255.255
202.43.82.0,202.43.83.255
202.43.192.0,202.43.199.255
202.43.208.0,202.43.211.255
202.44.120.0,202.44.127.255
202.44.152.0,202.44.159.255
202.45.1.0,202.45.1.255
202.45.4.0,202.45.5.255
202.45.8.0,202.45.9.255
202.45.14.0,202.45.14.255
202.45.16.0,202.45.95.255
202.45.128.0,202.45.128.255
202.45.130.0,202.45.131.255
202.45.176.0,202.45.255.255
202.46.19.0,202.46.19.255
202.47.143.0,202.47.143.255
202.47.192.0,202.47.223.255
202.51.128.0,202.51.159.255
202.52.35.0,202.52.35.255
202.52.42.0,202.52.43.255
202.52.47.0,202.52.47.255
202.52.136.0,202.52.136.255
202.52.144.0,202.52.144.255
202.52.192.0,202.52.223.255
202.53.128.0,202.53.159.255
202.55.0.0,202.55.29.255
202.55.32.0,202.55.63.255
202.57.192.0,202.57.223.255
202.58.184.0,202.58.191.255
202.59.152.0,202.59.159.255
202.59.249.0,202.59.249.255
202.60.224.0,202.60.255.255
202.61.103.0,202.61.103.255
202.61.120.0,202.61.121.255
202.62.192.0,202.62.223.255
202.63.0.0,202.63.31.255
202.64.0.0,202.64.255.255
202.65.96.0,202.65.111.255
202.65.192.0,202.65.223.255
202.65.248.0,202.66.159.255
202.66.192.0,202.66.255.255
202.67.128.0,202.68.63.255
202.68.192.0,202.68.207.255
202.69.0.0,202.69.3.255
202.69.64.0,202.69.95.255
202.69.128.0,202.69.131.255
202.69.240.0,202.69.255.255
202.70.160.0,202.70.175.255
202.71.192.0,202.72.31.255
202.72.252.0,202.73.3.255
202.73.240.0,202.74.3.255
202.74.40.0,202.74.41.255
202.74.50.0,202.74.51.255
202.74.254.0,202.75.3.255
202.75.64.0,202.75.95.255
202.75.252.0,202.76.127.255
202.76.252.0,202.77.63.255
202.77.128.0,202.77.135.255
202.77.140.0,202.78.7.255
202.78.252.0,202.78.255.255
202.79.64.0,202.79.127.255
202.79.252.0,202.80.31.255
202.80.128.0,202.80.143.255
202.81.224.0,202.82.255.255
202.83.4.0,202.83.15.255
202.83.192.0,202.83.223.255
202.83.240.0,202.83.247.255
202.84.0.0,202.84.3.255
202.84.16.0,202.84.17.255
202.84.128.0,202.85.207.255
202.85.224.0,202.85.239.255
202.85.248.0,202.86.3.255
202.86.64.0,202.86.95.255
202.87.0.0,202.87.3.255
202.88.0.0,202.88.31.255
202.88.96.0,202.88.127.255
202.88.200.0,202.88.207.255
202.89.0.0,202.89.3.255
202.89.120.0,202.89.123.255
202.89.252.0,202.89.255.255
202.90.248.0,202.90.251.255
202.92.160.0,202.92.191.255
202.93.6.0,202.93.7.255
202.93.192.0,202.93.207.255
202.94.87.0,202.94.87.255
202.94.90.0,202.94.91.255
202.94.224.0,202.94.239.255
202.122.96.0,202.122.111.255
202.123.64.0,202.123.95.255
202.123.160.0,202.123.175.255
202.123.192.0,202.123.223.255
202.124.28.0,202.124.31.255
202.125.90.0,202.125.91.255
202.125.192.0,202.125.255.255
202.126.48.0,202.126.63.255
202.126.128.0,202.126.143.255
202.126.144.8,202.126.191.255
202.126.208.0,202.126.223.255
202.127.64.0,202.127.79.255
202.127.168.0,202.127.175.255
202.128.99.0,202.128.99.255
202.128.104.0,202.128.105.255
202.128.128.0,202.128.159.255
202.128.224.0,202.128.255.255
202.130.64.0,202.130.127.255
202.131.32.0,202.131.47.255
202.131.64.0,202.131.79.255
202.133.8.0,202.133.15.255
202.133.242.16,202.133.242.31
202.134.55.0,202.134.55.255
202.134.60.0,202.134.127.255
202.140.64.0,202.140.127.255
202.140.224.0,202.140.255.255
202.146.96.0,202.146.127.255
202.146.216.0,202.146.223.255
202.147.18.32,202.147.18.55
202.147.18.160,202.147.18.175
202.147.20.0,202.147.20.31
202.147.20.224,202.147.20.231
202.147.22.0,202.147.22.31
202.147.22.160,202.147.22.167
202.147.23.176,202.147.23.191
202.151.33.0,202.151.33.255
202.153.8.0,202.153.15.255
202.153.88.0,202.153.127.255
202.155.192.0,202.155.255.255
202.161.160.0,202.161.175.255
202.162.184.0,202.162.187.255
202.163.0.0,202.163.31.255
202.164.25.0,202.164.25.255
202.164.27.0,202.164.27.255
202.167.234.0,202.167.234.127
202.168.95.0,202.168.95.255
202.168.208.0,202.168.215.255
202.169.0.0,202.169.15.255
202.170.0.0,202.170.31.255
202.171.208.0,202.171.215.255
202.174.4.0,202.174.4.255
202.174.121.0,202.174.121.255
202.174.128.0,202.174.159.255
202.177.0.0,202.177.31.255
202.180.160.0,202.180.162.255
202.180.164.0,202.180.172.255
202.180.174.0,202.180.175.255
202.181.128.0,202.181.255.255
202.182.224.0,202.182.255.255
202.189.96.0,202.189.127.255
203.3.132.0,203.3.132.255
203.5.50.0,203.5.50.255
203.7.160.0,203.7.167.255
203.14.212.0,203.14.212.255
203.16.239.0,203.16.239.255
203.18.50.0,203.18.50.255
203.19.101.0,203.19.101.255
203.29.222.0,203.29.222.255
203.31.32.0,203.31.33.255
203.34.154.0,203.34.154.255
203.56.231.0,203.56.231.255
203.56.253.0,203.56.253.255
203.77.128.0,203.77.159.255
203.77.180.0,203.77.183.255
203.78.5.0,203.78.7.255
203.78.32.0,203.78.47.255
203.78.64.0,203.78.95.255
203.80.0.0,203.80.3.255
203.80.64.0,203.80.127.255
203.80.176.0,203.80.255.255
203.81.32.0,203.81.63.255
203.81.176.0,203.81.183.255
203.81.252.0,203.81.255.255
203.82.8.0,203.82.15.255
203.82.222.0,203.82.223.255
203.82.252.0,203.82.255.255
203.83.64.0,203.83.127.255
203.83.216.0,203.83.217.255
203.83.248.0,203.83.249.255
203.83.252.0,203.84.63.255
203.84.128.0,203.84.129.255
203.84.133.0,203.84.133.255
203.84.212.0,203.84.213.255
203.85.0.0,203.85.255.255
203.86.128.0,203.86.191.255
203.86.232.0,203.86.239.255
203.86.252.0,203.86.253.255
203.88.64.0,203.88.95.255
203.88.160.0,203.88.175.255
203.89.6.0,203.89.7.255
203.89.133.0,203.89.133.255
203.90.6.0,203.90.7.255
203.90.224.0,203.90.255.255
203.91.128.0,203.91.159.255
203.98.128.0,203.98.128.255
203.98.130.0,203.98.130.255
203.98.132.0,203.98.145.255
203.98.147.0,203.98.148.255
203.98.150.0,203.98.152.255
203.98.154.0,203.98.154.207
203.98.154.224,203.98.160.255
203.98.162.0,203.98.173.123
203.98.173.128,203.98.182.155
203.98.182.160,203.98.190.255
203.99.143.0,203.99.143.255
203.99.254.0,203.99.254.255
203.101.128.0,203.101.159.255
203.105.0.0,203.105.63.255
203.110.236.0,203.110.239.255
203.112.80.0,203.112.95.255
203.112.224.0,203.112.255.255
203.114.0.0,203.114.63.255
203.114.252.0,203.114.255.255
203.119.2.0,203.119.2.255
203.119.87.0,203.119.87.255
203.120.0.0,203.120.10.31
203.120.10.48,203.120.18.63
203.120.18.80,203.120.18.143
203.120.18.160,203.120.18.215
203.120.18.224,203.120.20.63
203.120.20.112,203.120.23.31
203.120.23.64,203.120.23.127
203.120.23.192,203.120.24.31
203.120.24.64,203.120.27.63
203.120.27.92,203.120.30.47
203.120.30.64,203.120.30.143
203.120.30.160,203.120.36.63
203.120.36.80,203.120.39.127
203.120.39.144,203.120.45.63
203.120.45.96,203.120.45.127
203.120.45.144,203.120.45.191
203.120.45.208,203.120.45.255
203.120.46.64,203.120.47.255
203.120.49.0,203.120.49.127
203.120.49.160,203.120.59.255
203.120.61.0,203.120.62.63
203.120.62.128,203.120.99.255
203.120.100.32,203.120.100.95
203.120.100.112,203.120.100.127
203.120.100.160,203.120.100.223
203.120.101.0,203.120.102.127
203.120.102.160,203.120.102.191
203.120.102.224,203.120.110.95
203.120.110.160,203.120.110.191
203.120.111.0,203.120.112.63
203.120.112.128,203.120.112.255
203.120.113.32,203.120.121.63
203.120.121.96,203.120.127.63
203.120.127.96,203.120.127.127
203.120.127.160,203.120.128.63
203.120.128.96,203.120.128.191
203.120.128.224,203.120.129.127
203.120.129.192,203.120.131.63
203.120.131.128,203.120.132.255
203.120.133.64,203.120.134.255
203.120.135.16,203.120.137.95
203.120.137.112,203.120.139.127
203.120.139.160,203.120.141.31
203.120.141.48,203.120.141.159
203.120.141.192,203.120.147.255
203.120.149.0,203.120.157.223
203.120.158.0,203.120.164.31
203.120.164.128,203.120.165.111
203.120.165.128,203.120.173.255
203.120.174.32,203.120.176.127
203.120.176.160,203.120.176.255
203.120.178.0,203.120.178.127
203.120.178.160,203.120.178.223
203.120.179.0,203.120.179.31
203.120.179.64,203.120.179.127
203.120.179.151,203.120.179.159
203.120.179.192,203.120.179.223
203.120.180.0,203.120.185.63
203.120.185.96,203.120.188.159
203.120.188.192,203.120.193.127
203.120.193.160,203.120.194.63
203.120.194.96,203.120.206.255
203.120.210.0,203.120.210.255
203.120.211.64,203.120.211.95
203.120.211.128,203.120.211.191
203.120.211.224,203.120.212.255
203.120.214.0,203.120.215.255
203.120.217.0,203.120.217.255
203.120.218.16,203.120.218.31
203.120.218.64,203.120.225.63
203.120.225.96,203.120.226.183
203.120.226.192,203.120.226.255
203.120.227.128,203.120.240.31
203.120.240.64,203.120.240.159
203.120.240.224,203.120.241.31
203.120.241.64,203.120.243.31
203.120.243.40,203.120.244.127
203.120.244.136,203.120.246.223
203.120.247.0,203.120.247.223
203.120.248.0,203.120.248.31
203.120.248.96,203.120.248.159
203.120.248.192,203.120.248.223
203.120.249.0,203.120.249.63
203.120.249.128,203.120.250.191
203.120.251.0,203.120.251.31
203.120.251.64,203.120.252.255
203.120.253.8,203.120.253.16
203.120.253.24,203.120.253.31
203.120.253.40,203.120.253.47
203.120.253.56,203.120.253.95
203.120.253.104,203.120.253.159
203.120.253.168,203.120.253.175
203.120.253.200,203.120.254.31
203.120.254.36,203.120.254.39
203.120.254.44,203.120.255.255
203.121.128.0,203.121.131.255
203.121.133.0,203.121.134.255
203.121.136.0,203.121.136.255
203.121.137.32,203.121.137.127
203.121.137.160,203.121.137.223
203.121.137.232,203.121.137.255
203.121.139.0,203.121.139.15
203.121.139.32,203.121.139.79
203.121.139.88,203.121.139.95
203.121.139.128,203.121.140.127
203.121.140.144,203.121.140.151
203.121.140.160,203.121.140.183
203.121.140.200,203.121.140.223
203.121.140.232,203.121.140.247
203.121.141.0,203.121.141.63
203.121.141.128,203.121.141.143
203.121.141.176,203.121.141.183
203.121.141.192,203.121.142.95
203.121.142.128,203.121.143.15
203.121.143.24,203.121.143.79
203.121.143.88,203.121.143.143
203.121.143.153,203.121.158.255
203.121.159.16,203.121.159.79
203.121.159.88,203.121.162.127
203.121.162.160,203.121.170.255
203.121.172.0,203.121.173.255
203.121.175.0,203.121.176.255
203.121.177.64,203.121.177.223
203.121.178.0,203.121.179.143
203.121.179.176,203.121.179.191
203.121.179.224,203.121.180.7
203.121.180.32,203.121.180.63
203.121.180.192,203.121.180.255
203.121.182.0,203.121.184.255
203.121.187.0,203.121.188.15
203.121.188.64,203.121.188.71
203.121.188.80,203.121.188.95
203.121.188.112,203.121.188.143
203.121.188.176,203.121.188.191
203.121.189.0,203.121.189.255
203.124.8.0,203.124.15.255
203.126.25.224,203.126.25.239
203.129.64.0,203.129.95.255
203.131.224.0,203.131.255.255
203.132.192.0,203.132.207.255
203.135.128.0,203.135.159.255
203.142.88.0,203.142.127.255
203.145.64.0,203.145.95.255
203.147.110.0,203.147.111.255
203.152.0.0,203.152.8.159
203.152.8.192,203.152.8.255
203.152.10.0,203.152.14.103
203.152.14.112,203.152.22.191
203.152.24.0,203.152.25.7
203.152.25.16,203.152.25.55
203.152.25.64,203.152.26.191
203.152.26.232,203.152.26.239
203.152.27.0,203.152.27.63
203.152.27.96,203.152.28.191
203.152.29.0,203.152.35.7
203.152.35.16,203.152.35.23
203.152.35.32,203.152.35.39
203.152.35.48,203.152.35.55
203.152.35.60,203.152.35.127
203.152.35.144,203.152.35.151
203.152.35.160,203.152.35.183
203.152.35.208,203.152.35.215
203.152.35.224,203.152.35.247
203.152.36.0,203.152.36.255
203.152.37.16,203.152.37.63
203.152.37.136,203.152.39.255
203.152.41.0,203.152.42.135
203.152.42.168,203.152.42.207
203.152.42.224,203.152.43.7
203.152.43.12,203.152.43.127
203.152.43.160,203.152.43.223
203.152.43.248,203.152.49.175
203.152.49.184,203.152.49.191
203.152.49.200,203.152.49.223
203.152.49.240,203.152.49.255
203.152.50.32,203.152.50.39
203.152.50.48,203.152.50.59
203.152.50.64,203.152.50.71
203.152.50.80,203.152.50.95
203.152.50.128,203.152.52.159
203.152.52.240,203.152.56.79
203.152.56.96,203.152.56.175
203.152.56.192,203.152.56.239
203.152.56.248,203.152.63.127
203.153.4.0,203.153.5.255
203.153.208.0,203.153.209.255
203.160.32.0,203.160.47.255
203.160.64.0,203.160.95.255
203.161.4.0,203.161.7.255
203.161.224.0,203.161.255.255
203.166.220.0,203.166.220.255
203.168.128.0,203.168.255.255
203.169.32.0,203.169.47.255
203.169.128.0,203.169.255.255
203.170.49.0,203.170.49.255
203.170.90.0,203.170.91.255
203.174.7.0,203.174.7.255
203.174.32.0,203.174.63.255
203.176.114.0,203.176.115.255
203.176.192.0,203.176.255.255
203.184.128.0,203.185.63.255
203.185.189.0,203.185.189.255
203.186.0.0,203.186.255.255
203.188.64.0,203.188.127.255
203.189.160.0,203.189.175.255
203.190.38.0,203.190.39.255
203.190.64.0,203.190.95.255
203.191.3.0,203.191.4.255
203.192.156.160,203.192.156.191
203.192.156.224,203.192.156.255
203.193.20.128,203.193.20.255
203.193.36.0,203.193.36.63
203.193.45.0,203.193.45.63
203.193.62.192,203.193.62.199
203.193.72.0,203.193.72.255
203.193.100.0,203.193.101.255
203.193.104.0,203.193.105.255
203.193.127.0,203.193.127.255
203.194.128.0,203.194.255.255
203.198.0.0,203.198.255.255
203.202.224.0,203.202.231.255
203.208.20.0,203.208.20.255
203.209.128.0,203.209.143.255
203.210.0.0,203.210.15.255
203.215.240.0,203.215.255.255
203.217.175.0,203.217.175.255
203.218.0.0,203.218.255.255
203.222.192.0,203.222.207.255
203.223.178.0,203.223.178.255
203.223.192.0,203.223.255.255
204.79.23.0,204.79.25.255
204.79.169.0,204.79.169.255
204.79.189.0,204.79.189.255
204.231.2.0,204.231.2.255
204.231.10.0,204.231.10.255
204.231.17.0,204.231.19.255
204.231.47.0,204.231.47.255
205.177.224.0,205.177.224.255
205.234.133.136,205.234.133.143
205.234.182.192,205.234.182.223
205.234.210.160,205.234.210.191
205.248.242.0,205.248.242.255
205.248.254.0,205.248.254.255
206.73.207.0,206.73.207.255
206.73.246.128,206.73.246.255
206.142.0.0,206.142.0.255
206.182.117.0,206.182.117.255
206.182.201.64,206.182.201.95
206.182.201.104,206.182.201.119
206.182.235.0,206.182.235.15
206.220.132.0,206.220.135.255
206.225.128.0,206.225.131.255
207.117.9.0,207.117.9.255
207.117.19.0,207.117.19.255
207.117.22.0,207.117.22.255
207.117.66.0,207.117.66.255
207.117.71.0,207.117.71.255
207.117.111.0,207.117.111.255
207.209.111.0,207.209.112.255
207.209.122.0,207.209.122.255
207.209.155.0,207.209.155.255
207.209.208.0,207.209.208.255
209.28.35.0,209.28.35.255
209.28.52.0,209.28.52.255
209.28.54.128,209.28.54.191
209.28.55.64,209.28.55.127
209.28.247.0,209.28.247.255
209.28.254.0,209.28.254.127
209.61.139.88,209.61.139.95
209.93.12.128,209.93.12.255
209.93.111.0,209.93.111.127
209.93.114.64,209.93.114.95
209.93.114.192,209.93.114.255
209.93.125.128,209.93.125.255
209.93.159.32,209.93.159.63
209.93.169.0,209.93.169.255
209.93.180.128,209.93.180.255
209.93.185.128,209.93.186.255
209.93.240.0,209.93.240.63
209.222.107.128,209.222.107.143
210.0.128.0,210.0.255.255
210.3.0.0,210.3.255.255
210.5.160.0,210.5.191.255
210.5.226.0,210.5.226.255
210.5.228.0,210.5.231.255
210.6.0.0,210.6.255.255
210.7.96.0,210.7.96.175
210.7.128.24,210.7.128.31
210.7.133.144,210.7.133.159
210.17.128.0,210.17.255.255
210.24.0.0,210.24.2.31
210.24.2.64,210.24.13.255
210.24.15.0,210.24.29.255
210.24.31.0,210.24.43.191
210.24.43.224,210.24.45.159
210.24.45.192,210.24.52.95
210.24.52.112,210.24.52.127
210.24.52.192,210.24.53.191
210.24.53.224,210.24.56.31
210.24.56.64,210.24.56.159
210.24.56.192,210.24.61.127
210.24.61.160,210.24.130.47
210.24.130.64,210.24.130.255
210.24.131.64,210.24.133.255
210.24.136.0,210.24.138.63
210.24.138.192,210.24.139.127
210.24.139.160,210.24.139.223
210.24.141.0,210.24.143.255
210.24.144.128,210.24.146.255
210.24.148.0,210.24.152.63
210.24.152.96,210.24.152.255
210.24.153.32,210.24.153.127
210.24.153.160,210.24.153.223
210.24.155.0,210.24.155.127
210.24.155.192,210.24.156.255
210.24.158.0,210.24.160.215
210.24.160.240,210.24.174.63
210.24.174.96,210.24.174.191
210.24.174.224,210.24.189.127
210.24.189.160,210.24.198.95
210.24.198.128,210.24.255.255
210.56.48.0,210.56.63.255
210.57.0.0,210.57.207.255
210.87.240.0,210.87.255.255
210.89.64.0,210.89.95.255
210.176.0.0,210.177.255.255
210.184.0.0,210.184.255.255
210.208.130.64,210.208.131.255
210.209.64.0,210.209.127.255
210.211.24.0,210.211.31.255
210.245.128.0,210.245.255.255
212.95.55.0,212.95.55.255
213.230.188.0,213.230.191.255
216.15.211.192,216.15.211.223
216.131.81.120,216.131.81.127
216.131.81.224,216.131.81.231
216.131.89.32,216.131.89.47
216.131.105.232,216.131.105.239
216.179.140.0,216.179.141.0
216.179.141.33,216.179.141.255
216.179.164.0,216.179.167.255
216.179.178.0,216.179.181.255
216.179.200.0,216.179.203.255
216.179.254.0,216.179.255.255
216.198.194.32,216.198.194.63
216.198.244.200,216.198.244.207
216.246.26.144,216.246.26.151
216.246.88.232,216.246.88.239
217.151.32.0,217.151.47.255
218.56.145.188,218.56.145.191
218.56.155.76,218.56.155.79
218.100.16.0,218.100.17.255
218.102.0.0,218.103.255.255
218.188.0.0,218.191.255.255
218.213.0.0,218.213.255.255
218.250.0.0,218.250.255.255
218.252.0.0,218.255.127.255
218.255.224.0,218.255.255.255
219.73.0.0,219.73.127.255
219.76.0.0,219.79.255.255
219.90.112.0,219.90.127.255
220.232.128.0,220.232.255.255
220.241.0.0,220.241.255.255
220.246.0.0,220.246.255.255
221.120.176.0,221.120.191.255
221.124.0.0,221.128.72.15
221.128.72.24,221.128.72.31
221.128.72.64,221.128.72.71
221.128.72.80,221.128.72.87
221.128.72.96,221.128.72.127
221.128.73.0,221.128.73.255
221.128.74.8,221.128.74.15
221.128.74.32,221.128.74.95
221.128.74.128,221.128.80.7
221.128.80.16,221.128.80.31
221.128.80.56,221.128.80.95
221.128.80.104,221.128.127.255
222.166.0.0,222.167.255.255
223.16.0.0,223.19.255.255
223.26.48.0,223.26.48.255
223.26.57.0,223.26.57.255
223.26.59.0,223.26.59.255
223.26.61.0,223.26.61.255
223.27.160.0,223.27.160.255
223.118.0.0,223.119.255.255
223.130.32.0,223.130.63.255
223.197.0.0,223.197.255.255
223.255.128.0,223.255.191.255
223.255.240.0,223.255.243.255
