5.10.64.4,5.10.64.7
5.153.5.184,5.153.5.191
5.224.202.0,5.224.202.255
14.100.0.0,14.100.255.255
23.227.64.0,23.227.64.3
23.234.116.48,23.234.116.55
23.247.4.192,23.247.4.255
27.0.8.0,27.0.11.255
27.34.176.0,27.34.176.255
27.34.177.65,27.34.177.255
27.34.178.65,27.34.186.255
27.34.187.33,27.34.191.255
27.54.0.0,27.54.63.255
27.96.96.0,27.96.127.255
27.104.0.0,27.104.255.255
27.109.104.0,27.109.107.255
27.111.128.0,27.111.159.255
27.111.210.0,27.111.239.255
27.114.192.0,27.114.255.255
27.116.32.0,27.116.33.255
27.121.108.0,27.121.108.255
27.122.58.0,27.122.63.255
27.123.194.0,27.123.195.255
27.125.128.0,27.125.191.255
27.125.196.0,27.125.199.255
37.58.67.96,37.58.67.103
37.223.202.0,37.223.202.255
42.60.0.0,42.61.255.255
42.99.134.192,42.99.134.255
46.31.68.0,46.31.68.255
46.248.14.0,46.248.15.255
49.128.8.0,49.128.11.255
49.128.32.0,49.128.63.255
49.143.235.0,49.143.235.255
49.213.16.0,49.213.29.255
49.245.0.0,49.245.255.255
50.7.9.160,50.7.9.167
50.7.21.56,50.7.21.63
50.7.48.88,50.7.48.95
50.7.70.248,50.7.70.255
50.7.74.136,50.7.74.143
50.7.99.40,50.7.99.47
50.7.100.40,50.7.100.47
50.7.112.128,50.7.112.135
50.7.119.216,50.7.119.223
50.7.199.0,50.7.199.7
50.7.201.176,50.7.201.183
50.22.173.248,50.22.173.251
50.23.45.144,50.23.45.159
50.23.66.140,50.23.66.143
50.23.66.248,50.23.66.251
50.23.84.220,50.23.84.223
50.23.125.32,50.23.125.47
50.23.125.112,50.23.125.119
50.23.128.116,50.23.128.119
50.28.53.223,50.28.53.223
50.28.53.230,50.28.53.230
50.97.191.176,50.97.191.183
50.97.254.144,50.97.254.151
58.65.0.0,58.65.31.255
58.82.192.0,58.82.255.255
58.146.128.0,58.146.191.255
58.182.0.0,58.182.255.255
58.185.0.0,58.185.255.255
59.189.0.0,59.189.255.255
60.213.189.196,60.213.189.199
60.213.191.20,60.213.191.23
60.213.191.180,60.213.191.183
60.214.112.16,60.214.112.19
60.214.112.216,60.214.112.223
60.214.112.240,60.214.112.247
61.8.33.0,61.8.33.255
61.8.50.0,61.8.51.255
61.8.192.0,61.8.255.255
61.13.0.0,61.13.255.255
61.14.64.0,61.14.95.255
61.14.135.112,61.14.135.127
61.14.136.104,61.14.136.127
61.14.137.8,61.14.137.15
61.14.137.80,61.14.137.127
61.14.137.160,61.14.137.255
61.14.138.104,61.14.138.111
61.14.138.128,61.14.138.191
61.14.138.224,61.14.139.31
61.14.139.48,61.14.139.55
61.14.139.160,61.14.139.175
61.14.139.224,61.14.139.231
61.14.148.160,61.14.148.223
61.14.148.248,61.14.148.255
61.16.0.0,61.16.127.255
61.28.215.0,61.28.215.255
61.47.22.0,61.47.22.255
63.161.224.0,63.161.224.7
63.166.255.160,63.166.255.175
64.34.220.240,64.34.220.255
64.37.70.0,64.37.70.127
64.62.206.192,64.62.206.223
64.77.17.64,64.77.17.95
64.86.34.0,64.86.34.255
64.86.63.16,64.86.63.23
64.138.10.192,64.138.10.199
64.138.11.48,64.138.11.55
64.138.11.192,64.138.11.223
65.19.134.240,65.19.134.255
65.49.19.128,65.49.19.159
65.49.39.48,65.49.39.63
65.62.153.64,65.62.153.95
65.127.193.192,65.127.193.223
66.23.235.40,66.23.235.47
66.85.139.232,66.85.139.239
66.90.88.64,66.90.88.79
66.90.119.144,66.90.119.151
66.90.120.192,66.90.120.207
66.118.159.130,66.118.159.139
66.160.143.128,66.160.143.191
66.201.104.128,66.201.104.255
66.228.114.128,66.228.114.159
67.56.97.64,67.56.97.95
67.57.32.0,67.57.32.63
67.57.32.112,67.57.32.127
67.57.158.64,67.57.158.127
67.159.19.96,67.159.19.127
67.192.53.112,67.192.53.119
67.192.223.0,67.192.223.7
67.205.79.112,67.205.79.127
67.205.109.88,67.205.109.95
67.225.141.34,67.225.141.35
67.228.1.176,67.228.1.179
67.228.1.252,67.228.1.255
67.228.2.120,67.228.2.127
67.228.2.152,67.228.2.155
67.228.3.0,67.228.3.7
67.228.10.112,67.228.10.119
67.228.12.32,67.228.12.39
67.228.32.188,67.228.32.191
67.228.36.88,67.228.36.95
67.228.37.80,67.228.37.87
67.228.37.128,67.228.37.135
67.228.38.184,67.228.38.187
67.228.51.104,67.228.51.107
67.228.73.128,67.228.73.135
67.228.162.184,67.228.162.191
67.228.165.204,67.228.165.207
67.228.175.8,67.228.175.11
67.228.193.216,67.228.193.219
67.228.194.100,67.228.194.103
68.67.176.0,68.67.177.255
68.67.188.0,68.67.189.255
69.61.45.16,69.61.45.23
69.90.72.176,69.90.72.183
69.162.117.136,69.162.117.143
69.162.126.0,69.162.126.15
69.172.206.0,69.172.206.31
69.172.227.16,69.172.227.23
69.176.93.0,69.176.93.255
70.34.214.232,70.34.214.239
70.34.215.120,70.34.215.127
70.38.7.96,70.38.7.103
70.38.33.48,70.38.33.55
70.38.43.224,70.38.43.231
70.38.43.240,70.38.43.247
70.38.53.32,70.38.53.39
70.38.73.240,70.38.73.247
70.38.77.184,70.38.77.191
70.38.79.232,70.38.79.239
70.38.81.152,70.38.81.167
70.38.82.232,70.38.82.239
70.38.83.0,70.38.83.15
70.38.83.56,70.38.83.63
70.38.83.88,70.38.83.95
70.38.86.16,70.38.86.23
70.38.92.240,70.38.92.247
70.38.111.88,70.38.111.95
70.39.75.144,70.39.75.159
72.3.138.80,72.3.138.87
72.32.134.72,72.32.134.79
72.36.143.160,72.36.143.167
72.36.193.161,72.36.193.167
72.36.194.249,72.36.194.255
72.36.195.145,72.36.195.151
72.36.208.249,72.36.208.255
72.37.132.0,72.37.132.31
72.52.203.122,72.52.203.123
72.55.155.144,72.55.155.151
72.55.170.216,72.55.170.223
72.165.20.0,72.165.20.255
72.232.32.113,72.232.32.119
72.232.203.57,72.232.203.63
72.232.225.73,72.232.225.79
72.232.226.161,72.232.226.167
72.233.5.224,72.233.5.231
72.251.198.64,72.251.198.66
72.251.198.68,72.251.198.71
72.251.241.16,72.251.241.31
72.251.241.232,72.251.241.233
72.251.241.235,72.251.241.235
72.251.241.240,72.251.241.255
72.251.243.160,72.251.243.167
72.251.245.100,72.251.245.103
74.63.81.128,74.63.81.135
74.63.88.32,74.63.88.39
74.63.88.64,74.63.88.79
74.63.114.112,74.63.114.119
74.63.115.176,74.63.115.183
74.63.196.192,74.63.196.223
74.63.241.200,74.63.241.207
74.86.16.172,74.86.16.175
74.86.32.196,74.86.32.199
74.86.115.240,74.86.115.243
74.86.116.24,74.86.116.31
74.86.117.16,74.86.117.19
74.86.118.184,74.86.118.187
74.86.148.184,74.86.148.191
74.86.167.248,74.86.167.251
74.86.173.188,74.86.173.191
74.86.191.248,74.86.191.251
74.86.192.15,74.86.192.15
74.86.194.216,74.86.194.219
74.86.195.16,74.86.195.19
74.86.197.208,74.86.197.211
74.86.199.232,74.86.199.235
74.86.204.244,74.86.204.247
74.86.230.176,74.86.230.179
74.86.234.216,74.86.234.219
74.86.241.204,74.86.241.207
74.205.76.72,74.205.76.79
74.209.209.0,74.209.209.255
74.209.213.0,74.209.215.255
74.209.248.0,74.209.248.255
75.126.149.32,75.126.149.39
75.126.231.232,75.126.231.235
76.73.35.168,76.73.35.175
76.73.47.240,76.73.47.247
76.73.90.32,76.73.90.39
76.73.95.8,76.73.95.15
78.24.204.224,78.24.204.239
78.41.187.0,78.41.187.255
81.7.217.128,81.7.217.255
81.52.129.0,81.52.129.127
81.52.216.0,81.52.223.255
81.52.237.0,81.52.237.127
81.52.237.224,81.52.237.255
81.52.240.0,81.52.247.255
82.150.107.0,82.150.107.255
82.150.116.0,82.150.116.255
82.196.56.0,82.196.56.31
85.238.140.0,85.238.143.255
85.239.10.0,85.239.11.255
87.118.73.192,87.118.73.223
87.254.204.0,87.254.205.255
89.221.42.224,89.221.42.255
91.208.207.0,91.208.207.255
93.93.100.128,93.93.100.191
93.174.250.0,93.174.250.255
93.174.253.0,93.174.253.255
93.183.16.0,93.183.17.255
98.129.116.56,98.129.116.63
101.78.64.0,101.78.127.255
101.100.192.0,101.100.255.255
101.127.0.0,101.127.255.255
101.234.0.0,101.234.63.255
103.1.5.0,103.1.5.255
103.1.136.0,103.1.139.255
103.1.172.0,103.1.175.255
103.2.104.0,103.2.107.255
103.2.180.0,103.2.183.255
103.3.164.0,103.3.166.255
103.3.200.0,103.3.203.255
103.4.12.0,103.4.15.255
103.4.108.0,103.4.111.255
103.4.114.0,103.4.115.255
103.4.196.0,103.4.198.255
103.4.232.0,103.4.232.255
103.5.44.9,103.5.47.255
103.5.79.0,103.5.79.255
103.5.151.0,103.5.151.255
103.5.199.0,103.5.199.255
103.6.106.0,103.6.107.255
103.6.148.0,103.6.151.255
103.7.2.0,103.7.2.255
103.7.8.0,103.7.11.255
103.7.124.0,103.7.127.255
103.7.161.0,103.7.161.255
103.7.200.0,103.7.203.255
103.8.30.0,103.8.31.255
103.8.120.0,103.8.120.255
103.8.152.0,103.8.155.0
103.8.176.0,103.8.183.255
103.8.212.0,103.8.213.255
103.9.100.0,103.9.103.255
103.9.183.0,103.9.183.255
103.10.100.0,103.10.103.255
103.10.220.0,103.10.221.255
103.11.48.0,103.11.51.255
103.11.140.0,103.11.141.255
103.11.143.0,103.11.143.255
103.11.150.0,103.11.151.255
103.11.188.0,103.11.191.255
103.12.2.0,103.12.2.255
103.12.210.0,103.12.210.255
103.12.212.0,103.12.215.255
103.13.128.0,103.13.131.255
103.13.172.0,103.13.175.255
103.13.182.0,103.13.182.255
103.14.56.0,103.14.59.255
103.14.76.0,103.14.76.255
103.14.79.0,103.14.79.255
103.14.185.0,103.14.185.255
103.14.212.0,103.14.215.255
103.14.236.0,103.14.239.255
103.14.244.0,103.14.245.255
103.14.247.0,103.14.247.255
103.15.100.0,103.15.103.255
103.15.232.0,103.15.235.255
103.16.16.0,103.16.19.255
103.17.197.0,103.17.197.255
103.19.20.0,103.19.23.255
103.20.50.0,103.20.50.255
103.20.92.0,103.20.95.255
103.20.168.0,103.20.169.255
103.20.217.0,103.20.217.255
103.21.81.0,103.21.81.255
103.22.128.0,103.22.131.255
103.22.168.0,103.22.171.255
103.23.76.0,103.23.79.255
103.23.92.0,103.23.95.255
103.23.208.0,103.23.211.255
103.24.4.0,103.24.7.255
103.24.24.0,103.24.27.255
103.24.44.0,103.24.45.255
103.24.156.0,103.24.157.255
103.25.200.0,103.25.203.255
103.26.24.0,103.26.27.255
103.26.40.0,103.26.43.255
103.27.44.0,103.27.47.255
103.28.208.0,103.28.208.3
103.28.209.0,103.28.209.3
103.28.210.0,103.28.210.3
103.29.24.0,103.29.27.255
103.29.106.0,103.29.111.255
103.29.114.0,103.29.114.255
103.30.208.0,103.30.211.255
103.31.24.0,103.31.25.255
103.31.228.0,103.31.231.255
103.224.116.0,103.224.119.255
103.224.164.0,103.224.167.255
103.226.120.0,103.226.121.255
103.226.172.0,103.226.173.255
103.226.246.0,103.226.246.255
103.227.12.0,103.227.13.255
103.227.172.0,103.227.175.255
103.229.8.0,103.229.11.255
103.229.196.0,103.229.196.255
103.230.50.0,103.230.51.255
103.240.128.0,103.240.131.255
103.241.60.0,103.241.63.255
103.241.105.0,103.241.107.255
103.242.84.0,103.242.87.255
103.242.150.0,103.242.151.255
103.243.12.0,103.243.15.255
103.243.220.0,103.243.223.255
103.244.8.0,103.244.11.255
103.244.100.0,103.244.100.3
103.244.101.0,103.244.101.3
103.244.102.0,103.244.102.3
103.244.103.0,103.244.103.3
103.244.246.0,103.244.247.255
103.245.92.0,103.245.95.255
103.246.78.0,103.246.79.255
103.246.92.0,103.246.95.255
103.246.148.0,103.246.151.255
103.246.200.0,103.246.203.255
103.247.132.0,103.247.135.255
103.247.199.0,103.247.199.255
103.247.204.0,103.247.207.255
103.248.99.0,103.248.99.255
103.248.132.0,103.248.135.255
103.248.144.0,103.248.145.255
103.249.160.0,103.249.163.255
103.250.64.0,103.250.67.255
103.251.108.0,103.251.109.255
103.251.196.0,103.251.197.255
103.252.49.0,103.252.49.255
103.252.112.0,103.252.115.255
103.252.200.0,103.252.203.255
103.252.224.0,103.252.227.255
103.253.25.0,103.253.26.255
103.253.144.0,103.253.147.255
103.253.164.0,103.253.165.255
103.254.44.0,103.254.47.255
103.254.152.0,103.254.155.255
103.254.212.0,103.254.212.255
103.254.214.0,103.254.214.255
103.254.252.0,103.254.252.3
103.254.253.0,103.254.253.3
103.254.254.0,103.254.254.3
103.254.255.0,103.254.255.3
103.255.32.0,103.255.35.255
103.255.250.0,103.255.250.255
109.169.32.128,109.169.32.159
109.205.15.0,109.205.15.255
110.92.96.0,110.92.127.255
111.65.0.0,111.65.127.255
111.90.192.0,111.90.255.255
111.91.236.0,111.91.237.255
111.92.192.0,111.92.223.255
111.221.8.0,111.221.31.255
111.221.44.0,111.221.47.255
111.221.64.0,111.221.127.255
111.223.64.0,111.223.127.255
111.235.136.0,111.235.139.255
112.78.224.0,112.78.255.255
112.140.184.0,112.140.187.255
112.199.128.0,112.199.255.255
113.10.64.0,113.10.127.255
113.11.160.0,113.11.175.255
113.11.248.0,113.11.255.255
113.20.156.0,113.20.159.255
113.29.224.0,113.29.227.255
113.29.229.0,113.29.229.255
113.29.232.0,113.29.239.255
113.52.152.0,113.52.155.255
113.197.32.0,113.197.39.255
114.29.192.0,114.29.223.255
114.129.32.0,114.129.47.255
114.141.208.0,114.141.209.255
115.31.224.0,115.31.255.255
115.42.128.0,115.42.255.255
115.66.0.0,115.66.255.255
115.146.112.0,115.146.119.255
116.0.64.64,116.0.64.79
116.12.48.0,116.12.55.255
116.12.128.0,116.12.134.47
116.12.134.64,116.12.255.255
116.14.0.0,116.15.255.255
116.51.0.0,116.51.255.255
116.86.0.0,116.89.127.255
116.193.0.0,116.193.7.255
116.197.192.0,116.197.255.255
116.214.96.0,116.214.127.255
116.251.208.0,116.251.223.255
117.18.32.0,117.18.63.255
117.20.128.0,117.20.191.255
117.58.160.0,117.58.191.255
117.104.184.0,117.104.187.255
117.105.0.0,117.105.255.255
117.120.0.0,117.120.7.255
118.139.160.0,118.139.191.255
118.189.0.0,118.189.255.255
118.200.0.0,118.201.255.255
118.214.0.0,118.215.255.255
119.27.24.0,119.27.31.255
119.27.40.0,119.27.43.255
119.27.48.0,119.27.50.255
119.27.52.0,119.27.63.255
119.31.232.0,119.31.239.255
119.42.192.0,119.42.223.255
119.56.0.0,119.56.127.255
119.73.128.0,119.75.63.255
119.75.192.0,119.75.207.255
119.81.0.0,119.81.255.255
119.234.0.0,119.234.255.255
120.50.32.0,120.50.47.255
121.6.0.0,121.7.255.255
121.52.200.0,121.52.207.255
121.100.32.0,121.100.47.255
121.101.145.0,121.101.159.255
121.200.240.0,121.200.255.255
122.11.128.0,122.11.255.255
122.15.0.0,122.15.255.255
122.50.0.0,122.50.15.255
122.50.64.0,122.50.65.255
122.50.69.64,122.50.70.255
122.50.71.32,122.50.73.255
122.50.74.64,122.50.83.255
122.50.86.64,122.50.95.255
122.50.98.0,122.50.126.255
122.129.64.0,122.129.71.255
122.129.73.0,122.129.86.255
122.129.88.0,122.129.90.255
122.129.92.0,122.129.95.255
122.152.136.144,122.152.136.159
122.152.137.112,122.152.137.119
122.152.142.64,122.152.142.95
122.152.143.0,122.152.143.15
122.152.143.32,122.152.143.47
122.152.144.192,122.152.144.239
122.152.145.96,122.152.145.127
122.248.168.80,122.248.168.95
122.248.168.204,122.248.168.207
122.248.188.0,122.248.188.255
122.248.192.0,122.248.255.255
123.49.64.0,123.49.127.255
123.100.224.0,123.100.255.255
123.136.64.0,123.136.71.255
124.6.52.0,124.6.63.255
124.66.128.0,124.66.159.255
124.109.4.0,124.109.7.255
124.155.192.0,124.155.223.255
124.197.64.0,124.197.127.255
124.217.237.0,124.217.239.255
124.246.64.0,124.246.127.255
125.5.126.128,125.5.126.143
125.252.192.0,125.252.225.255
125.252.227.0,125.252.239.255
125.252.249.0,125.252.255.255
128.199.0.0,128.199.255.255
132.147.64.0,132.147.65.255
132.147.68.0,132.147.69.255
132.147.72.0,132.147.73.255
132.147.76.0,132.147.76.255
132.147.80.0,132.147.82.255
132.147.84.0,132.147.84.255
132.147.88.0,132.147.88.255
132.147.92.0,132.147.93.255
132.147.96.0,132.147.96.255
132.147.99.0,132.147.99.255
132.147.112.0,132.147.115.255
132.147.117.0,132.147.127.255
134.42.225.0,134.42.225.255
137.132.0.0,137.132.255.255
138.75.128.0,138.75.255.255
147.243.70.0,147.243.70.255
147.243.192.0,147.243.223.255
152.226.0.0,152.226.255.255
153.20.0.0,153.20.255.255
155.69.0.0,155.69.255.255
159.172.205.0,159.172.205.255
160.96.0.0,160.96.255.255
161.229.0.0,161.229.255.255
164.78.0.0,164.78.255.255
165.21.0.0,165.21.255.255
171.0.0.0,171.1.255.255
171.18.48.0,171.18.49.255
171.207.0.0,171.207.255.255
173.203.42.88,173.203.42.95
173.231.226.128,173.231.226.255
174.36.65.56,174.36.65.59
174.36.96.60,174.36.96.63
174.142.57.48,174.142.57.55
174.142.58.80,174.142.58.87
174.142.79.16,174.142.79.23
174.142.128.80,174.142.128.87
174.142.132.176,174.142.132.183
174.142.149.24,174.142.149.31
174.142.179.216,174.142.179.223
174.142.198.176,174.142.198.199
174.142.198.216,174.142.198.223
174.142.198.240,174.142.198.247
174.142.210.216,174.142.210.223
174.142.211.128,174.142.211.135
174.143.96.144,174.143.96.151
174.143.229.176,174.143.229.191
175.28.64.0,175.28.127.255
175.41.128.0,175.41.255.255
175.111.104.0,175.111.107.255
175.156.0.0,175.156.255.255
175.176.173.0,175.176.173.255
178.162.238.96,178.162.238.159
180.87.1.96,180.87.1.127
180.87.2.80,180.87.2.95
180.87.2.224,180.87.2.255
180.87.3.128,180.87.3.255
180.87.8.0,180.87.8.255
180.87.26.0,180.87.26.255
180.87.140.0,180.87.140.255
180.87.142.0,180.87.142.255
180.87.151.0,180.87.151.7
180.87.179.0,180.87.179.255
180.87.182.0,180.87.182.31
180.92.184.0,180.92.191.255
180.94.216.0,180.94.219.255
180.129.0.0,180.129.127.255
180.178.72.0,180.178.79.255
180.189.0.0,180.189.3.255
180.189.7.128,180.189.15.127
180.189.32.0,180.189.32.63
180.189.32.128,180.189.42.127
180.189.42.192,180.189.42.255
180.189.44.0,180.189.45.63
180.189.46.192,180.189.46.255
180.189.47.8,180.189.47.127
180.189.48.64,180.189.48.127
180.189.49.64,180.189.49.255
180.189.50.128,180.189.55.255
180.189.56.128,180.189.63.255
180.210.200.0,180.210.207.255
180.222.128.0,180.222.135.255
180.235.152.0,180.235.152.255
180.240.128.0,180.240.255.255
180.255.0.0,180.255.255.255
182.16.140.0,182.16.142.255
182.16.232.0,182.16.235.255
182.19.128.0,182.19.255.255
182.23.144.0,182.23.159.255
182.50.76.0,182.50.79.255
182.50.128.0,182.50.159.255
182.54.228.0,182.54.231.255
182.54.238.0,182.54.239.255
182.55.0.0,182.55.255.255
183.81.192.0,183.81.255.255
183.90.0.0,183.90.127.255
183.177.0.0,183.177.1.151
183.177.1.156,183.177.3.255
183.177.20.0,183.177.63.255
185.42.100.0,185.42.103.255
192.122.131.0,192.122.140.255
192.169.32.0,192.169.32.255
192.169.36.0,192.169.36.255
192.169.41.0,192.169.41.255
192.174.80.0,192.174.80.15
192.190.204.0,192.190.204.255
192.245.58.0,192.245.58.255
193.253.0.1,193.253.0.4
194.14.177.0,194.14.177.255
194.68.116.0,194.68.116.255
194.103.36.0,194.103.39.255
194.132.152.0,194.132.155.255
194.132.162.0,194.132.162.255
195.112.167.128,195.112.167.131
195.112.167.144,195.112.167.155
195.112.177.0,195.112.177.3
195.112.177.12,195.112.177.15
195.112.177.48,195.112.177.51
195.112.177.152,195.112.177.159
195.112.177.224,195.112.177.227
198.180.126.0,198.180.126.255
199.6.72.0,199.6.72.255
199.103.68.0,199.103.68.255
202.0.71.0,202.0.71.255
202.0.126.0,202.0.127.255
202.0.149.0,202.0.150.255
202.0.152.0,202.0.152.255
202.1.5.0,202.1.5.255
202.1.64.0,202.1.113.255
202.1.128.0,202.1.159.255
202.1.239.0,202.1.239.255
202.3.78.0,202.3.78.255
202.3.135.0,202.3.135.255
202.3.138.0,202.3.139.255
202.6.102.0,202.6.102.255
202.6.160.0,202.6.175.255
202.6.240.0,202.6.243.255
202.8.1.0,202.8.5.255
202.8.40.0,202.8.43.255
202.8.94.0,202.8.95.255
202.12.94.0,202.12.95.255
202.14.8.0,202.14.15.255
202.14.153.0,202.14.154.255
202.14.200.0,202.14.207.255
202.20.114.0,202.20.114.255
202.21.129.0,202.21.129.255
202.21.154.0,202.21.154.255
202.21.158.0,202.21.159.255
202.21.192.0,202.21.255.255
202.27.16.0,202.27.31.255
202.37.72.0,202.37.72.255
202.38.32.0,202.38.47.255
202.38.151.0,202.38.151.255
202.40.224.0,202.40.255.255
202.42.65.128,202.42.65.255
202.42.132.0,202.42.132.7
202.42.132.16,202.42.132.31
202.42.132.72,202.42.132.87
202.42.132.96,202.42.132.111
202.42.132.128,202.42.132.143
202.42.132.152,202.42.132.159
202.42.132.176,202.42.132.183
202.42.137.0,202.42.137.255
202.42.140.32,202.42.140.63
202.42.141.32,202.42.141.63
202.42.141.96,202.42.141.111
202.42.141.240,202.42.141.255
202.42.145.0,202.42.145.31
202.42.145.64,202.42.145.79
202.42.145.112,202.42.145.159
202.42.145.192,202.42.145.207
202.42.145.240,202.42.145.255
202.42.146.144,202.42.146.159
202.42.147.48,202.42.147.79
202.42.147.96,202.42.147.239
202.42.148.224,202.42.148.239
202.42.149.64,202.42.149.79
202.42.149.96,202.42.149.111
202.42.154.0,202.42.154.255
202.42.156.0,202.42.157.255
202.42.165.208,202.42.165.223
202.42.167.0,202.42.167.63
202.42.170.0,202.42.171.255
202.42.173.0,202.42.173.255
202.42.180.88,202.42.180.95
202.42.181.128,202.42.181.159
202.42.183.72,202.42.183.87
202.42.183.96,202.42.183.103
202.42.185.224,202.42.185.255
202.42.187.232,202.42.187.239
202.42.188.64,202.42.188.79
202.42.188.96,202.42.188.103
202.42.191.192,202.42.191.199
202.42.191.208,202.42.191.223
202.42.192.144,202.42.192.175
202.42.194.0,202.42.195.255
202.42.198.64,202.42.198.191
202.42.204.64,202.42.204.95
202.42.215.0,202.42.215.255
202.42.220.128,202.42.220.159
202.42.221.0,202.42.221.31
202.42.221.64,202.42.221.127
202.42.222.192,202.42.222.223
202.42.223.144,202.42.223.159
202.42.223.224,202.42.223.239
202.42.223.248,202.42.223.255
202.42.227.0,202.42.227.255
202.42.228.224,202.42.228.239
202.42.234.32,202.42.234.63
202.42.234.128,202.42.234.255
202.42.236.0,202.42.236.127
202.42.238.64,202.42.238.127
202.42.238.192,202.42.238.255
202.42.241.96,202.42.241.127
202.42.241.192,202.42.241.255
202.42.243.192,202.42.243.255
202.47.89.0,202.47.89.255
202.51.240.0,202.51.247.255
202.52.51.0,202.52.51.255
202.52.64.0,202.52.127.255
202.55.64.0,202.55.95.255
202.56.128.0,202.56.159.255
202.61.110.0,202.61.110.255
202.63.128.0,202.63.159.255
202.63.224.0,202.63.239.255
202.65.240.0,202.65.247.255
202.68.176.0,202.68.191.255
202.69.144.0,202.69.159.255
202.73.32.0,202.73.63.255
202.75.240.0,202.75.247.255
202.78.16.0,202.78.31.255
202.78.48.0,202.78.63.255
202.79.176.0,202.79.223.255
202.80.160.0,202.80.175.255
202.83.96.0,202.83.111.255
202.83.248.0,202.83.251.255
202.86.248.0,202.86.248.255
202.91.32.0,202.91.47.255
202.94.70.0,202.94.70.255
202.126.144.0,202.126.144.7
202.128.98.0,202.128.98.255
202.128.160.0,202.128.223.255
202.129.242.0,202.129.243.255
202.130.56.0,202.130.59.255
202.136.0.0,202.136.31.255
202.136.160.0,202.136.191.255
202.141.97.64,202.141.97.79
202.141.97.160,202.141.97.175
202.147.39.128,202.147.39.135
202.147.39.144,202.147.39.159
202.148.160.0,202.148.175.255
202.150.12.0,202.150.15.255
202.150.208.0,202.150.223.255
202.153.6.0,202.153.6.255
202.156.0.0,202.156.255.255
202.157.128.0,202.157.175.255
202.157.177.0,202.157.183.255
202.157.185.0,202.157.191.255
202.158.128.0,202.158.128.255
202.158.248.0,202.158.251.255
202.160.120.0,202.160.123.255
202.160.192.0,202.160.247.255
202.160.249.0,202.160.255.255
202.161.32.0,202.161.63.255
202.162.68.0,202.162.71.255
202.163.32.0,202.163.63.255
202.166.0.0,202.166.159.255
202.167.224.0,202.167.233.255
202.167.234.128,202.167.235.255
202.167.237.0,202.167.237.255
202.167.239.0,202.167.249.255
202.167.251.0,202.167.255.255
202.168.92.0,202.168.92.255
202.172.32.0,202.172.63.255
202.172.160.0,202.172.255.255
202.176.192.0,202.176.223.255
202.177.192.0,202.177.201.255
202.177.202.32,202.177.207.255
203.1.31.0,203.1.31.255
203.19.1.0,203.19.1.255
203.20.105.0,203.20.105.255
203.30.38.0,203.30.39.255
203.31.234.0,203.31.234.255
203.56.183.0,203.56.183.255
203.63.234.48,203.63.234.63
203.76.172.0,203.76.175.255
203.78.8.0,203.78.15.255
203.83.220.0,203.83.223.255
203.83.250.0,203.83.250.255
203.84.130.0,203.84.131.255
203.89.150.0,203.89.150.255
203.92.64.0,203.92.127.255
203.95.64.0,203.95.95.255
203.100.62.0,203.100.62.255
203.101.192.0,203.101.223.255
203.112.160.0,203.112.191.255
203.116.0.0,203.118.63.255
203.118.240.0,203.118.240.255
203.119.78.0,203.119.78.255
203.120.10.32,203.120.10.47
203.120.18.64,203.120.18.79
203.120.18.144,203.120.18.159
203.120.18.216,203.120.18.223
203.120.20.64,203.120.20.111
203.120.23.32,203.120.23.63
203.120.23.128,203.120.23.191
203.120.24.32,203.120.24.63
203.120.27.64,203.120.27.91
203.120.30.48,203.120.30.63
203.120.30.144,203.120.30.159
203.120.36.64,203.120.36.79
203.120.39.128,203.120.39.143
203.120.45.64,203.120.45.95
203.120.45.128,203.120.45.143
203.120.45.192,203.120.45.207
203.120.46.0,203.120.46.63
203.120.48.0,203.120.48.255
203.120.49.128,203.120.49.159
203.120.60.0,203.120.60.255
203.120.62.64,203.120.62.127
203.120.100.0,203.120.100.31
203.120.100.96,203.120.100.111
203.120.100.128,203.120.100.159
203.120.100.224,203.120.100.255
203.120.102.128,203.120.102.159
203.120.102.192,203.120.102.223
203.120.110.96,203.120.110.159
203.120.110.192,203.120.110.255
203.120.112.64,203.120.112.127
203.120.113.0,203.120.113.31
203.120.121.64,203.120.121.95
203.120.127.64,203.120.127.95
203.120.127.128,203.120.127.159
203.120.128.64,203.120.128.95
203.120.128.192,203.120.128.223
203.120.129.128,203.120.129.191
203.120.131.64,203.120.131.127
203.120.133.0,203.120.133.63
203.120.135.0,203.120.135.15
203.120.137.96,203.120.137.111
203.120.139.128,203.120.139.159
203.120.141.32,203.120.141.47
203.120.141.160,203.120.141.191
203.120.148.0,203.120.148.255
203.120.157.224,203.120.157.255
203.120.164.32,203.120.164.127
203.120.165.112,203.120.165.127
203.120.174.0,203.120.174.31
203.120.176.128,203.120.176.159
203.120.177.0,203.120.177.255
203.120.178.128,203.120.178.159
203.120.178.224,203.120.178.255
203.120.179.32,203.120.179.63
203.120.179.128,203.120.179.150
203.120.179.160,203.120.179.191
203.120.179.224,203.120.179.255
203.120.185.64,203.120.185.95
203.120.188.160,203.120.188.191
203.120.193.128,203.120.193.159
203.120.194.64,203.120.194.95
203.120.207.0,203.120.209.255
203.120.211.0,203.120.211.63
203.120.211.96,203.120.211.127
203.120.211.192,203.120.211.223
203.120.213.0,203.120.213.255
203.120.216.0,203.120.216.255
203.120.218.0,203.120.218.15
203.120.218.32,203.120.218.63
203.120.225.64,203.120.225.95
203.120.226.184,203.120.226.191
203.120.227.0,203.120.227.127
203.120.240.32,203.120.240.63
203.120.240.160,203.120.240.223
203.120.241.32,203.120.241.63
203.120.243.32,203.120.243.39
203.120.244.128,203.120.244.135
203.120.246.224,203.120.246.255
203.120.247.224,203.120.247.255
203.120.248.32,203.120.248.95
203.120.248.160,203.120.248.191
203.120.248.224,203.120.248.255
203.120.249.64,203.120.249.127
203.120.250.192,203.120.250.255
203.120.251.32,203.120.251.63
203.120.253.0,203.120.253.7
203.120.253.17,203.120.253.23
203.120.253.32,203.120.253.39
203.120.253.48,203.120.253.55
203.120.253.96,203.120.253.103
203.120.253.160,203.120.253.167
203.120.253.176,203.120.253.199
203.120.254.32,203.120.254.35
203.120.254.40,203.120.254.43
203.123.0.0,203.123.31.255
203.123.48.0,203.123.55.255
203.124.0.0,203.124.5.255
203.124.96.0,203.124.127.255
203.125.0.0,203.125.157.135
203.125.157.144,203.125.248.87
203.125.248.96,203.126.25.223
203.126.25.240,203.126.69.255
203.126.72.0,203.126.245.95
203.126.245.128,203.126.252.223
203.126.253.0,203.127.112.111
203.127.112.128,203.127.115.127
203.127.115.192,203.128.31.255
203.135.189.0,203.135.189.255
203.142.0.0,203.142.4.255
203.142.6.0,203.142.6.255
203.142.8.0,203.142.31.255
203.143.128.0,203.143.159.255
203.149.128.0,203.149.255.255
203.161.32.0,203.161.63.255
203.161.181.0,203.161.181.255
203.161.183.0,203.161.183.255
203.161.185.0,203.161.185.255
203.163.97.8,203.163.97.15
203.163.97.128,203.163.97.143
203.166.128.0,203.166.159.255
203.169.6.0,203.169.7.255
203.169.64.0,203.169.127.255
203.171.6.0,203.171.7.255
203.174.28.0,203.174.29.255
203.174.80.0,203.174.87.255
203.175.160.0,203.175.175.255
203.190.224.0,203.190.225.127
203.190.226.0,203.190.227.255
203.190.229.0,203.190.235.255
203.190.236.32,203.190.239.255
203.195.120.0,203.195.123.255
203.195.125.0,203.195.125.255
203.201.176.0,203.201.179.255
203.202.234.0,203.202.234.255
203.208.128.0,203.208.255.255
203.211.60.0,203.211.63.255
203.211.128.0,203.211.159.255
203.217.184.0,203.217.187.255
204.79.247.0,204.79.249.255
204.140.102.0,204.140.102.255
204.231.114.0,204.231.125.255
204.231.170.0,204.231.170.255
204.232.238.48,204.232.238.55
205.138.25.0,205.138.25.255
205.138.28.0,205.138.28.255
205.138.29.16,205.138.29.47
205.138.29.64,205.138.29.103
205.138.29.112,205.138.29.119
205.138.29.168,205.138.29.175
205.138.30.0,205.138.30.23
205.139.88.104,205.139.88.111
205.139.89.0,205.139.89.31
205.139.89.64,205.139.89.127
205.139.91.32,205.139.91.47
205.139.91.64,205.139.91.143
205.248.0.0,205.248.5.255
206.31.224.0,206.31.227.255
206.73.65.0,206.73.65.255
206.73.173.0,206.73.173.255
206.73.246.24,206.73.246.31
206.73.246.48,206.73.246.63
206.79.184.0,206.79.184.255
206.99.153.96,206.99.153.127
206.99.154.0,206.99.154.255
206.99.155.8,206.99.155.31
206.99.155.128,206.99.155.255
206.99.157.0,206.99.157.255
206.99.159.0,206.99.159.255
206.182.95.192,206.182.95.255
206.182.198.0,206.182.198.255
206.182.203.128,206.182.203.255
206.182.206.96,206.182.206.127
206.182.210.0,206.182.210.255
206.182.250.32,206.182.250.63
206.189.207.0,206.189.207.255
207.117.8.0,207.117.8.255
207.117.12.0,207.117.12.255
207.117.17.0,207.117.18.255
207.117.162.0,207.117.162.255
207.117.164.0,207.117.164.255
207.117.174.0,207.117.177.255
207.117.188.0,207.117.188.255
207.209.87.0,207.209.87.255
207.209.93.32,207.209.93.63
207.209.114.0,207.209.114.255
207.209.120.0,207.209.120.255
207.209.123.0,207.209.123.255
207.209.150.0,207.209.150.255
207.209.170.0,207.209.170.255
207.209.229.0,207.209.229.255
208.134.244.128,208.134.244.159
209.28.34.192,209.28.34.255
209.28.43.0,209.28.43.255
209.28.58.128,209.28.58.255
209.28.94.192,209.28.94.255
209.28.114.0,209.28.114.127
209.28.241.0,209.28.241.255
209.28.246.0,209.28.246.255
209.28.254.192,209.28.254.223
209.61.142.40,209.61.142.47
209.61.172.120,209.61.172.127
209.93.53.32,209.93.53.47
209.93.101.64,209.93.101.111
209.93.102.0,209.93.102.31
209.93.117.192,209.93.117.255
209.93.122.0,209.93.122.255
209.93.159.128,209.93.159.159
209.93.163.0,209.93.163.255
209.93.183.0,209.93.183.127
209.93.185.64,209.93.185.127
209.93.187.128,209.93.187.191
209.93.235.128,209.93.235.255
210.1.96.0,210.1.98.255
210.1.100.0,210.1.113.255
210.1.120.0,210.1.121.255
210.1.123.0,210.1.127.255
210.1.129.0,210.1.134.255
210.1.136.0,210.1.143.255
210.7.159.240,210.7.159.247
210.9.200.232,210.9.200.239
210.23.0.0,210.23.31.255
210.23.100.0,210.23.100.71
210.23.100.80,210.23.101.127
210.23.101.160,210.23.102.255
210.23.105.64,210.23.105.127
210.23.105.192,210.23.105.207
210.23.105.224,210.23.105.239
210.23.106.128,210.23.106.255
210.23.107.128,210.23.109.255
210.23.116.0,210.23.116.7
210.23.116.16,210.23.116.143
210.23.116.152,210.23.116.159
210.23.116.168,210.23.116.255
210.23.117.64,210.23.117.95
210.23.117.128,210.23.117.255
210.23.120.0,210.23.127.255
210.23.197.8,210.23.197.39
210.23.197.88,210.23.197.95
210.23.197.104,210.23.197.111
210.23.198.80,210.23.198.87
210.23.198.112,210.23.198.119
210.23.198.176,210.23.198.207
210.23.198.216,210.23.198.223
210.23.198.232,210.23.198.239
210.23.198.248,210.23.198.255
210.23.199.160,210.23.199.167
210.23.199.240,210.23.199.255
210.23.200.64,210.23.200.79
210.23.201.56,210.23.201.63
210.23.201.96,210.23.201.143
210.23.201.152,210.23.201.159
210.23.201.216,210.23.201.223
210.23.201.232,210.23.201.239
210.23.202.0,210.23.202.7
210.23.202.64,210.23.202.71
210.23.202.208,210.23.202.223
210.23.202.240,210.23.202.255
210.23.203.16,210.23.203.31
210.23.203.96,210.23.203.111
210.23.203.160,210.23.203.191
210.23.203.216,210.23.203.239
210.23.205.0,210.23.205.31
210.23.205.56,210.23.205.63
210.23.205.160,210.23.205.175
210.23.205.216,210.23.205.223
210.23.205.232,210.23.205.239
210.23.225.80,210.23.225.95
210.23.225.160,210.23.225.191
210.23.225.224,210.23.225.231
210.23.225.240,210.23.225.255
210.23.226.64,210.23.226.143
210.23.226.176,210.23.226.191
210.23.229.32,210.23.229.47
210.23.229.96,210.23.229.135
210.23.229.144,210.23.229.167
210.23.229.176,210.23.229.255
210.23.230.8,210.23.230.15
210.23.230.32,210.23.230.63
210.23.230.136,210.23.230.143
210.23.230.152,210.23.230.159
210.23.230.184,210.23.230.191
210.23.231.32,210.23.231.39
210.23.231.64,210.23.231.95
210.23.231.144,210.23.231.151
210.23.231.224,210.23.231.231
210.23.236.0,210.23.237.31
210.23.238.0,210.23.238.255
210.23.240.0,210.23.242.255
210.23.243.128,210.23.243.255
210.23.247.0,210.23.247.255
210.23.251.0,210.23.252.255
210.23.255.192,210.23.255.223
210.24.2.32,210.24.2.63
210.24.14.0,210.24.14.255
210.24.30.0,210.24.30.255
210.24.43.192,210.24.43.223
210.24.45.160,210.24.45.191
210.24.52.96,210.24.52.111
210.24.52.128,210.24.52.191
210.24.53.192,210.24.53.223
210.24.56.32,210.24.56.63
210.24.56.160,210.24.56.191
210.24.61.128,210.24.61.159
210.24.130.48,210.24.130.63
210.24.131.0,210.24.131.63
210.24.134.0,210.24.135.255
210.24.138.64,210.24.138.191
210.24.139.128,210.24.139.159
210.24.139.224,210.24.140.255
210.24.144.0,210.24.144.127
210.24.147.0,210.24.147.255
210.24.152.64,210.24.152.95
210.24.153.0,210.24.153.31
210.24.153.128,210.24.153.159
210.24.153.224,210.24.154.255
210.24.155.128,210.24.155.191
210.24.157.0,210.24.157.255
210.24.160.216,210.24.160.239
210.24.174.64,210.24.174.95
210.24.174.192,210.24.174.223
210.24.189.128,210.24.189.159
210.24.198.96,210.24.198.127
210.55.100.0,210.55.107.255
210.56.128.0,210.56.143.255
210.193.0.0,210.193.63.255
212.63.181.20,212.63.181.23
212.63.183.192,212.63.183.195
213.144.176.0,213.144.176.127
213.230.184.0,213.230.187.255
216.7.164.0,216.7.164.7
216.15.180.128,216.15.180.255
216.65.3.48,216.65.3.63
216.131.81.32,216.131.81.39
216.185.114.216,216.185.114.223
218.100.70.0,218.100.70.255
218.186.0.0,218.186.255.255
218.212.0.0,218.212.255.255
219.74.0.0,219.75.127.255
220.156.176.0,220.156.183.255
220.232.0.0,220.232.63.255
220.255.0.0,220.255.255.255
221.120.112.0,221.120.127.255
222.161.60.8,222.161.60.255
222.164.0.0,222.165.127.255
223.25.232.0,223.25.232.255
223.25.236.0,223.25.236.255
223.26.16.0,223.26.31.255
223.27.168.0,223.27.175.254
223.130.0.0,223.130.3.255
223.223.220.0,223.223.223.255
