1.9.0.0,1.9.255.255
1.32.0.0,1.32.127.255
5.224.162.0,5.224.162.255
5.225.162.0,5.225.162.255
14.1.128.0,14.1.255.255
14.102.144.0,14.102.151.255
14.192.64.0,14.192.71.255
14.192.192.0,14.192.255.255
23.19.129.0,23.19.129.255
23.105.131.0,23.105.131.255
23.227.66.104,23.227.66.111
27.0.4.0,27.0.7.255
27.54.116.0,27.54.119.255
27.110.80.0,27.110.95.255
27.121.109.0,27.121.110.255
27.122.56.0,27.122.57.255
27.125.224.0,27.125.255.255
27.126.156.0,27.126.159.255
27.131.32.0,27.131.63.255
27.146.0.0,27.146.255.255
42.0.28.0,42.0.31.255
42.1.60.0,42.1.63.255
42.99.137.0,42.99.137.255
42.152.0.0,42.155.255.255
42.156.32.0,42.156.35.255
42.188.0.0,42.191.255.255
49.50.12.0,49.50.15.255
49.50.236.0,49.50.239.255
49.124.0.0,49.125.255.255
49.236.192.0,49.236.207.255
50.2.6.16,50.2.6.39
50.7.13.24,50.7.13.31
50.7.13.88,50.7.13.95
50.7.16.216,50.7.16.223
50.7.22.208,50.7.22.223
50.7.26.16,50.7.26.23
50.7.27.128,50.7.27.135
50.7.30.24,50.7.30.31
50.7.41.80,50.7.41.87
50.7.52.88,50.7.52.95
50.7.62.144,50.7.62.151
50.7.85.0,50.7.85.7
50.7.95.104,50.7.95.111
50.7.100.152,50.7.100.159
50.7.111.80,50.7.111.87
50.7.113.88,50.7.113.95
50.7.113.112,50.7.113.119
50.7.125.56,50.7.125.63
50.7.130.56,50.7.130.63
50.7.139.24,50.7.139.31
50.7.182.216,50.7.182.223
50.7.192.176,50.7.192.183
50.7.209.64,50.7.209.71
50.7.215.168,50.7.215.175
50.7.216.192,50.7.216.199
50.7.250.8,50.7.250.47
50.7.250.112,50.7.250.119
50.22.12.224,50.22.12.255
50.22.17.216,50.22.17.219
50.22.79.16,50.22.79.23
50.23.30.116,50.23.30.119
50.23.244.40,50.23.244.43
50.23.244.128,50.23.244.131
50.97.145.224,50.97.145.255
50.97.179.116,50.97.179.119
58.26.0.0,58.27.127.255
58.71.128.0,58.71.255.255
58.139.0.0,58.139.255.255
60.48.0.0,60.54.255.255
61.4.96.0,61.4.127.255
61.6.0.0,61.6.191.255
61.8.32.0,61.8.32.255
61.11.208.0,61.11.223.255
61.14.135.0,61.14.135.31
61.14.135.64,61.14.135.111
61.14.135.128,61.14.135.159
61.14.136.0,61.14.136.63
61.14.136.80,61.14.136.103
61.14.136.208,61.14.136.223
61.14.137.16,61.14.137.23
61.14.138.112,61.14.138.127
61.14.139.56,61.14.139.63
61.14.139.136,61.14.139.143
61.14.139.184,61.14.139.191
61.14.139.208,61.14.139.223
61.14.139.232,61.14.139.239
61.14.148.128,61.14.148.159
61.14.148.240,61.14.148.247
61.14.160.0,61.14.162.255
64.120.58.80,64.120.58.87
64.120.76.232,64.120.76.239
65.60.10.40,65.60.10.47
65.175.111.96,65.175.111.127
66.85.131.144,66.85.131.151
66.85.157.152,66.85.157.159
66.85.163.192,66.85.163.223
66.85.173.184,66.85.173.191
66.85.178.32,66.85.178.39
66.85.185.192,66.85.185.223
66.90.70.80,66.90.70.87
66.90.83.64,66.90.83.71
66.90.89.104,66.90.89.111
66.90.103.192,66.90.103.192
66.90.107.208,66.90.107.215
66.165.72.192,66.165.72.255
66.216.78.48,66.216.78.55
67.21.70.192,67.21.70.255
67.159.13.184,67.159.13.191
67.159.16.152,67.159.16.159
67.159.19.32,67.159.19.39
67.228.42.208,67.228.42.211
67.228.43.252,67.228.43.255
67.228.50.244,67.228.50.247
67.228.50.252,67.228.50.255
67.228.92.216,67.228.92.219
67.228.232.186,67.228.232.186
69.13.184.12,69.13.184.20
69.61.15.88,69.61.15.95
69.167.172.116,69.167.172.116
69.197.28.128,69.197.28.255
69.197.63.128,69.197.63.135
70.34.214.248,70.34.214.255
70.34.217.160,70.34.217.191
70.34.235.160,70.34.235.191
70.38.17.8,70.38.17.15
70.38.23.64,70.38.23.71
70.38.72.56,70.38.72.63
70.38.75.64,70.38.75.71
70.38.89.24,70.38.89.31
70.38.108.48,70.38.108.55
70.38.116.216,70.38.116.223
72.3.153.32,72.3.153.47
72.3.160.16,72.3.160.47
72.3.168.184,72.3.168.191
72.3.183.16,72.3.183.63
72.3.191.8,72.3.191.15
72.3.191.112,72.3.191.143
72.3.191.160,72.3.191.175
72.3.207.208,72.3.207.223
72.8.134.160,72.8.134.191
72.18.131.0,72.18.132.255
72.20.10.32,72.20.10.63
72.20.32.128,72.20.32.255
72.20.37.128,72.20.37.191
72.20.52.224,72.20.52.255
72.20.56.160,72.20.56.191
72.32.224.104,72.32.224.111
72.32.250.144,72.32.250.151
72.36.175.153,72.36.175.159
72.36.201.241,72.36.201.247
72.36.207.217,72.36.207.223
72.36.218.49,72.36.218.55
72.55.141.20,72.55.141.23
72.55.141.220,72.55.141.223
72.232.48.153,72.232.48.159
72.232.49.249,72.232.49.255
72.232.54.201,72.232.54.207
72.232.56.73,72.232.56.79
72.232.62.249,72.232.62.255
72.232.121.177,72.232.121.183
72.232.177.121,72.232.177.127
72.232.177.241,72.232.177.247
72.232.212.9,72.232.212.15
72.232.212.233,72.232.212.239
72.232.222.161,72.232.222.167
72.232.229.81,72.232.229.87
72.232.232.81,72.232.232.87
72.232.238.113,72.232.238.119
72.249.0.96,72.249.0.127
74.63.70.56,74.63.70.63
74.63.72.200,74.63.72.207
74.63.73.8,74.63.73.15
74.63.90.240,74.63.90.247
74.63.91.40,74.63.91.47
74.63.99.8,74.63.99.15
74.63.101.120,74.63.101.127
74.63.104.168,74.63.104.175
74.63.111.56,74.63.111.63
74.63.114.240,74.63.114.247
74.63.121.104,74.63.121.111
74.63.125.144,74.63.125.151
74.63.127.192,74.63.127.199
74.86.4.216,74.86.4.219
74.86.6.212,74.86.6.215
74.86.8.48,74.86.8.55
74.86.10.216,74.86.10.223
74.86.11.72,74.86.11.75
74.86.11.80,74.86.11.83
74.86.11.92,74.86.11.95
74.86.11.200,74.86.11.203
74.86.12.54,74.86.12.54
74.86.12.96,74.86.12.99
74.86.15.8,74.86.15.15
74.86.16.73,74.86.16.73
74.86.17.3,74.86.17.3
74.86.18.12,74.86.18.12
74.86.18.24,74.86.18.27
74.86.19.121,74.86.19.121
74.86.19.156,74.86.19.156
74.86.19.176,74.86.19.183
74.86.90.228,74.86.90.231
74.86.116.16,74.86.116.23
74.86.158.144,74.86.158.151
74.86.198.244,74.86.198.247
74.205.97.0,74.205.97.7
76.73.13.104,76.73.13.111
76.73.15.0,76.73.15.7
76.73.28.32,76.73.28.39
76.73.41.72,76.73.41.79
76.73.52.72,76.73.52.79
76.73.52.240,76.73.52.247
76.73.72.136,76.73.72.143
76.73.90.0,76.73.90.7
76.73.102.216,76.73.102.223
76.73.121.240,76.73.121.247
78.24.204.192,78.24.204.207
78.140.180.0,78.140.180.255
85.131.130.176,85.131.130.191
85.131.135.192,85.131.135.255
89.248.174.192,89.248.174.223
98.129.24.64,98.129.24.111
98.129.39.240,98.129.39.255
98.129.44.72,98.129.44.79
98.129.44.96,98.129.44.143
98.129.44.160,98.129.44.175
98.129.106.192,98.129.106.199
98.129.155.96,98.129.155.103
101.99.64.0,101.99.95.255
103.1.68.0,103.1.71.255
103.1.132.0,103.1.135.255
103.1.144.0,103.1.144.255
103.1.146.0,103.1.146.255
103.1.148.0,103.1.154.255
103.3.20.0,103.3.23.255
103.3.72.0,103.3.75.255
103.3.172.0,103.3.173.0
103.3.174.0,103.3.175.0
103.4.4.0,103.4.7.255
103.4.28.0,103.4.31.255
103.4.88.0,103.4.91.255
103.5.105.0,103.5.105.255
103.5.180.0,103.5.183.255
103.5.236.0,103.5.239.255
103.6.163.0,103.6.163.255
103.6.196.0,103.6.199.255
103.6.236.0,103.6.239.255
103.6.244.0,103.6.247.255
103.7.156.0,103.7.159.255
103.8.24.0,103.8.27.255
103.8.160.0,103.8.163.255
103.9.148.0,103.9.151.255
103.10.40.0,103.10.43.255
103.10.156.0,103.10.159.255
103.10.196.0,103.10.196.255
103.10.198.0,103.10.198.255
103.12.64.0,103.12.67.255
103.12.144.0,103.12.147.255
103.12.152.0,103.12.155.255
103.13.75.0,103.13.75.255
103.13.120.0,103.13.123.255
103.13.132.0,103.13.133.255
103.14.28.0,103.14.31.255
103.14.184.0,103.14.184.255
103.15.104.0,103.15.107.255
103.15.136.0,103.15.139.255
103.16.40.0,103.16.43.255
103.16.182.0,103.16.183.255
103.17.19.0,103.17.19.255
103.17.124.0,103.17.124.255
103.17.208.0,103.17.211.255
103.18.0.0,103.18.3.255
103.18.88.0,103.18.95.255
103.18.244.0,103.18.247.255
103.20.224.0,103.20.227.255
103.21.32.0,103.21.35.255
103.21.44.0,103.21.47.255
103.21.88.0,103.21.91.255
103.21.152.0,103.21.155.255
103.21.180.0,103.21.183.255
103.21.252.0,103.21.255.255
103.22.148.0,103.22.151.255
103.22.216.0,103.22.219.255
103.23.44.0,103.23.47.255
103.23.71.0,103.23.71.255
103.26.44.0,103.26.47.255
103.26.74.0,103.26.74.255
103.26.170.0,103.26.171.255
103.26.176.0,103.26.179.255
103.26.196.0,103.26.199.255
103.26.248.0,103.26.251.255
103.27.104.0,103.27.107.255
103.27.112.0,103.27.115.255
103.28.88.0,103.28.91.255
103.28.162.0,103.28.162.255
103.29.0.0,103.29.3.255
103.29.56.0,103.29.59.255
103.29.198.0,103.29.198.255
103.29.240.0,103.29.243.255
103.31.34.0,103.31.35.255
103.31.152.0,103.31.152.255
103.227.140.0,103.227.140.255
103.229.197.0,103.229.197.255
103.240.176.0,103.240.179.255
103.241.150.0,103.241.151.255
103.243.212.0,103.243.215.255
103.244.49.0,103.244.49.255
103.244.163.0,103.244.163.255
103.244.188.0,103.244.189.255
103.244.191.0,103.244.191.255
103.245.24.0,103.245.27.255
103.245.88.0,103.245.91.255
103.245.120.0,103.245.121.255
103.246.88.0,103.246.91.255
103.246.112.0,103.246.112.255
103.246.204.0,103.246.207.255
103.246.217.0,103.246.217.255
103.249.84.0,103.249.87.255
103.249.208.0,103.249.209.255
103.253.12.0,103.253.15.255
103.253.108.0,103.253.111.255
103.255.170.0,103.255.171.255
110.4.40.0,110.4.47.255
110.74.128.0,110.74.191.255
110.159.0.0,110.159.255.255
111.67.32.0,111.67.47.255
111.90.128.0,111.90.159.255
111.221.48.0,111.221.55.255
111.235.132.0,111.235.135.255
112.137.160.0,112.137.175.255
113.11.188.0,113.11.191.255
113.11.236.0,113.11.239.255
113.23.128.0,113.23.255.255
113.210.0.0,113.211.255.255
113.212.108.0,113.212.111.255
114.133.0.0,114.133.255.255
115.85.128.0,115.85.128.255
115.132.0.0,115.135.255.255
115.146.96.0,115.146.111.255
115.164.0.0,115.164.255.255
116.0.64.80,116.0.64.95
116.0.96.0,116.0.127.255
116.193.156.0,116.193.156.255
116.197.0.0,116.197.127.255
116.206.0.0,116.206.255.255
117.53.152.0,117.53.155.255
118.100.0.0,118.101.255.255
118.107.192.0,118.107.255.255
119.40.112.0,119.40.127.255
119.110.0.0,119.110.63.255
119.110.96.0,119.110.111.255
119.110.128.0,119.110.255.255
119.161.96.0,119.161.103.255
120.50.48.0,120.50.63.255
120.138.80.0,120.138.95.255
120.139.0.0,120.141.255.255
121.120.0.0,121.123.255.255
122.0.16.0,122.0.16.255
122.0.18.0,122.0.18.255
122.129.120.0,122.129.127.255
122.152.137.0,122.152.137.31
122.152.142.48,122.152.142.63
122.152.143.16,122.152.143.31
122.152.143.48,122.152.143.63
122.152.143.224,122.152.143.255
122.255.96.0,122.255.127.255
123.136.96.0,123.136.127.255
124.13.0.0,124.13.255.255
124.82.0.0,124.82.255.255
124.108.16.0,124.108.19.255
124.150.140.0,124.150.143.255
124.158.224.0,124.158.255.255
124.195.128.0,124.195.143.255
124.197.224.0,124.197.255.255
124.217.224.0,124.217.236.255
124.217.240.0,124.217.255.255
134.144.0.0,134.144.255.255
144.199.0.0,144.199.255.255
147.255.16.0,147.255.16.255
147.255.120.0,147.255.120.255
147.255.160.0,147.255.160.255
156.31.0.0,156.31.255.255
161.126.0.0,161.126.255.255
161.142.0.0,161.142.255.255
162.252.80.0,162.252.80.255
165.193.233.80,165.193.233.87
170.38.0.0,170.38.255.255
173.44.248.0,173.44.248.7
173.213.92.112,173.213.92.119
173.231.222.128,173.231.222.255
173.231.246.128,173.231.246.255
174.142.3.40,174.142.3.47
174.142.8.168,174.142.8.175
174.142.17.0,174.142.17.7
174.142.34.192,174.142.34.199
174.142.35.136,174.142.35.143
174.142.45.128,174.142.45.135
174.142.74.128,174.142.74.135
174.142.81.16,174.142.81.23
174.142.81.128,174.142.81.135
174.142.96.128,174.142.96.135
174.142.105.128,174.142.105.135
174.142.108.8,174.142.108.15
174.142.110.24,174.142.110.31
174.142.194.112,174.142.194.119
174.142.212.96,174.142.212.103
174.142.229.160,174.142.229.167
174.143.33.192,174.143.33.199
175.28.12.0,175.28.15.255
175.136.0.0,175.145.255.255
180.72.0.0,180.75.255.255
180.87.157.0,180.87.157.63
180.200.232.0,180.200.235.255
180.233.144.0,180.233.151.255
182.54.192.0,182.54.223.255
182.62.0.0,182.63.255.255
182.161.32.0,182.161.63.255
182.173.72.0,182.173.75.255
182.239.40.0,182.239.42.240
182.239.43.0,182.239.43.255
182.255.20.0,182.255.20.255
183.78.0.0,183.78.127.255
183.78.168.0,183.78.171.255
183.78.180.0,183.78.183.255
183.81.160.0,183.81.167.255
183.171.0.0,183.171.255.255
184.107.135.0,184.107.135.7
184.107.136.232,184.107.136.239
184.107.154.168,184.107.154.175
184.107.156.120,184.107.156.127
195.112.167.184,195.112.167.187
195.112.177.4,195.112.177.7
195.112.177.28,195.112.177.31
195.112.177.40,195.112.177.43
195.112.177.104,195.112.177.107
195.112.177.168,195.112.177.171
198.16.120.0,198.16.120.7
202.0.94.0,202.0.94.255
202.9.36.0,202.9.39.255
202.9.96.0,202.9.111.255
202.21.148.0,202.21.148.255
202.43.100.0,202.43.103.255
202.45.132.0,202.45.143.255
202.46.112.0,202.46.112.255
202.46.116.0,202.46.117.255
202.46.120.0,202.46.124.255
202.47.160.0,202.47.191.255
202.52.61.0,202.52.61.255
202.52.149.0,202.52.149.255
202.56.80.0,202.56.95.255
202.58.80.0,202.58.95.255
202.60.56.0,202.60.59.255
202.71.96.0,202.71.111.255
202.73.8.0,202.73.15.255
202.75.4.0,202.75.7.255
202.75.32.0,202.75.63.255
202.75.128.0,202.75.191.255
202.76.224.0,202.76.239.255
202.83.120.0,202.83.127.255
202.87.96.0,202.87.127.255
202.87.216.0,202.87.223.255
202.94.160.0,202.94.175.255
202.122.144.0,202.122.159.255
202.129.160.0,202.129.175.255
202.133.96.0,202.133.111.255
202.137.252.0,202.137.255.255
202.144.192.0,202.144.207.255
202.146.64.0,202.146.95.255
202.151.192.0,202.151.255.255
202.157.176.0,202.157.176.255
202.157.184.0,202.157.184.255
202.162.0.0,202.162.31.255
202.165.0.0,202.165.31.255
202.168.64.0,202.168.79.255
202.169.24.0,202.169.31.255
202.170.48.0,202.170.63.255
202.171.32.0,202.171.63.255
202.171.192.0,202.171.207.255
202.176.12.0,202.176.13.255
202.178.0.0,202.178.79.255
202.179.96.0,202.179.127.255
202.184.0.0,202.188.255.255
202.190.0.0,202.190.255.255
203.10.16.0,203.10.23.255
203.10.58.0,203.10.58.255
203.12.220.0,203.12.220.255
203.62.1.0,203.62.1.255
203.78.192.0,203.78.207.255
203.80.16.0,203.80.23.255
203.82.64.0,203.82.95.255
203.92.128.0,203.92.159.255
203.99.136.0,203.99.136.255
203.99.138.0,203.99.139.255
203.106.0.0,203.106.255.255
203.109.32.0,203.109.63.255
203.115.192.0,203.115.255.255
203.121.0.0,203.121.127.255
203.127.112.112,203.127.112.127
203.135.190.0,203.135.191.255
203.142.5.0,203.142.5.255
203.142.7.0,203.142.7.255
203.142.32.0,203.142.63.255
203.148.88.0,203.148.91.255
203.153.16.0,203.153.23.255
203.153.80.0,203.153.95.255
203.158.24.0,203.158.31.255
203.166.221.0,203.166.223.255
203.176.144.0,203.176.151.255
203.188.232.0,203.188.239.255
203.189.16.0,203.189.23.255
203.192.177.128,203.192.177.135
203.201.182.0,203.201.182.255
203.201.184.0,203.201.187.255
203.217.128.0,203.217.131.255
203.217.176.0,203.217.179.255
203.223.128.0,203.223.159.255
206.73.198.0,206.73.198.63
206.73.249.96,206.73.249.111
206.182.221.64,206.182.221.95
206.182.243.224,206.182.243.255
207.97.212.40,207.97.212.47
207.97.214.216,207.97.214.247
207.97.216.80,207.97.216.95
207.209.93.64,207.209.93.71
207.209.99.0,207.209.99.255
209.28.42.0,209.28.42.255
209.28.58.0,209.28.58.127
209.28.242.0,209.28.242.255
209.61.130.160,209.61.130.175
209.61.131.192,209.61.131.199
209.61.172.64,209.61.172.71
209.61.178.0,209.61.178.7
209.93.100.128,209.93.100.191
209.93.120.0,209.93.120.15
209.93.166.64,209.93.166.127
209.93.239.0,209.93.239.255
210.1.224.0,210.1.231.255
210.5.40.0,210.5.47.255
210.19.0.0,210.19.255.255
210.48.144.0,210.48.159.255
210.48.192.0,210.48.207.255
210.48.216.0,210.48.223.255
210.186.0.0,210.187.39.127
210.187.40.0,210.187.255.255
210.195.0.0,210.195.255.255
211.24.0.0,211.25.255.255
216.15.158.128,216.15.158.255
216.15.187.0,216.15.187.254
216.15.236.64,216.15.236.95
216.198.195.64,216.198.195.191
218.100.18.0,218.100.18.255
218.100.22.0,218.100.22.255
218.100.44.0,218.100.44.255
218.100.58.0,218.100.58.255
218.100.69.0,218.100.69.255
218.100.75.0,218.100.75.255
218.100.86.0,218.100.86.255
218.111.0.0,218.111.255.255
218.208.0.0,218.208.255.255
219.92.0.0,219.94.127.255
219.95.0.0,219.95.255.255
221.133.32.0,221.133.47.255
223.25.244.0,223.25.244.255
223.25.248.0,223.25.248.255
223.27.128.0,223.27.143.0
223.28.0.0,223.28.127.255
